"Full list of first forenames given to boys, Scotland, 2021 (final) in rank order",,,,,,,,,
,,,,,,,,,
"NB: * indicates that, sadly, a baby who was given that first forename has since died.",,,,,,,,,
,,,,,,,,,
Rank1,Boys' names,Number of babies,NB,,,,,,
,,,,,,,,,
1,Jack,382,*,,,,,,
2,Noah,337,,,,,,,
3,Leo,289,*,,,,,,
4,Oliver,284,*,,,,,,
5,Harris,273,*,,,,,,
6,Finlay,255,*,,,,,,
7,Lewis,254,,,,,,,
8,James,252,*,,,,,,
9,Rory,247,*,,,,,,
10,Alexander,240,,,,,,,
11,Brodie,236,*,,,,,,
12,Alfie,224,*,,,,,,
13,Charlie,220,,,,,,,
14,Theo,219,*,,,,,,
15,Archie,217,,,,,,,
16,Lucas,214,,,,,,,
17,Mason,205,,,,,,,
18,Finn,197,,,,,,,
19,Thomas,193,,,,,,,
20,Freddie,192,,,,,,,
21,Max,190,*,,,,,,
22,Logan,187,*,,,,,,
23,Harry,181,,,,,,,
24,Jacob,176,,,,,,,
25=,Blake,159,,,,,,,
25=,Luca,159,*,,,,,,
27,Oscar,157,,,,,,,
28,Jude,155,,,,,,,
29,William,146,,,,,,,
30,Caleb,140,,,,,,,
31,Roman,138,,,,,,,
32,Cameron,136,,,,,,,
33,Jaxon,133,,,,,,,
34,Adam,131,*,,,,,,
35,Joshua,130,*,,,,,,
36=,Ollie,129,,,,,,,
36=,Tommy,129,,,,,,,
38=,Daniel,125,*,,,,,,
38=,Ethan,125,,,,,,,
40,Harrison,124,,,,,,,
41,Luke,122,*,,,,,,
42,Arthur,121,,,,,,,
43,Muhammad,120,,,,,,,
44=,Jamie,118,*,,,,,,
44=,Liam,118,,,,,,,
46,Reuben,112,,,,,,,
47,Arlo,110,,,,,,,
48=,Grayson,103,,,,,,,
48=,Hunter,103,*,,,,,,
48=,Kai,103,,,,,,,
51,Aaron,102,,,,,,,
52=,George,100,*,,,,,,
52=,Matthew,100,*,,,,,,
54=,Arran,99,,,,,,,
54=,Hamish,99,*,,,,,,
56,Callum,98,,,,,,,
57,Myles,92,,,,,,,
58,Carter,91,,,,,,,
59,Nathan,90,,,,,,,
60,Louie,88,,,,,,,
61,Angus,87,,,,,,,
62=,Isaac,85,*,,,,,,
62=,Michael,85,*,,,,,,
64=,Benjamin,84,,,,,,,
64=,Connor,84,,,,,,,
66=,Carson,83,,,,,,,
66=,Cole,83,,,,,,,
66=,Elijah,83,*,,,,,,
66=,Sonny,83,*,,,,,,
70=,Blair,81,,,,,,,
70=,Callan,81,*,,,,,,
70=,Fraser,81,,,,,,,
70=,Jackson,81,,,,,,,
74,Louis,79,,,,,,,
75,Lachlan,78,,,,,,,
76,Joseph,77,,,,,,,
77,Cooper,75,,,,,,,
78=,Owen,73,,,,,,,
78=,Ruaridh,73,*,,,,,,
78=,Theodore,73,,,,,,,
81=,Albie,72,,,,,,,
81=,Leon,72,,,,,,,
83=,Dylan,71,*,,,,,,
83=,Hudson,71,*,,,,,,
83=,Robbie,71,,,,,,,
86=,David,70,*,,,,,,
86=,Fergus,70,,,,,,,
86=,John,70,,,,,,,
86=,Murray,70,,,,,,,
90,Ryan,68,*,,,,,,
91=,Innes,67,,,,,,,
91=,Robert,67,,,,,,,
93=,Brody,66,,,,,,,
93=,Samuel,66,,,,,,,
95,Struan,65,,,,,,,
96,Riley,62,*,,,,,,
97=,Cody,61,,,,,,,
97=,Finley,61,,,,,,,
97=,Jax,61,,,,,,,
97=,Lochlan,61,*,,,,,,
101=,Andrew,59,*,,,,,,
101=,Ben,59,,,,,,,
101=,Teddy,59,,,,,,,
104=,Ellis,57,,,,,,,
104=,Henry,57,,,,,,,
106,Ronan,54,,,,,,,
107,Aidan,53,,,,,,,
108=,Ezra,52,*,,,,,,
108=,Frankie,52,*,,,,,,
108=,Joey,52,,,,,,,
108=,Zachary,52,,,,,,,
112,Gabriel,51,,,,,,,
113=,Aiden,50,,,,,,,
113=,Ruairidh,50,,,,,,,
115=,Euan,49,,,,,,,
115=,Jayden,49,,,,,,,
117=,Marcus,48,,,,,,,
117=,Rowan,48,,,,,,,
119,Nico,47,,,,,,,
120=,Cillian,45,,,,,,,
120=,Magnus,45,,,,,,,
120=,Mohammed,45,,,,,,,
120=,Zack,45,,,,,,,
124=,Calvin,44,,,,,,,
124=,Elliot,44,,,,,,,
124=,Sam,44,,,,,,,
127=,Caelan,43,,,,,,,
127=,Evan,43,,,,,,,
127=,Felix,43,,,,,,,
127=,Levi,43,,,,,,,
131=,Kayden,41,*,,,,,,
131=,Parker,41,,,,,,,
131=,Sebastian,41,,,,,,,
134,Hugo,40,,,,,,,
135=,Calum,39,,,,,,,
135=,Josh,39,,,,,,,
137=,Harvey,38,,,,,,,
137=,Kyle,38,,,,,,,
139=,Conor,37,,,,,,,
139=,Flynn,37,,,,,,,
139=,Jordan,37,,,,,,,
139=,Zac,37,,,,,,,
143=,Alex,36,,,,,,,
143=,Lyle,36,,,,,,,
143=,Tyler,36,,,,,,,
143=,Zach,36,,,,,,,
147=,Patrick,35,,,,,,,
147=,Reggie,35,,,,,,,
147=,Ronnie,35,,,,,,,
150=,Rhys,34,,,,,,,
150=,Robin,34,,,,,,,
150=,Shay,34,,,,,,,
153=,Anthony,33,,,,,,,
153=,Bradley,33,,,,,,,
153=,Ruben,33,,,,,,,
156=,Austin,32,,,,,,,
156=,Christopher,32,,,,,,,
156=,Corey,32,,,,,,,
156=,Jake,32,*,,,,,,
160=,Eli,31,,,,,,,
160=,Jaxson,31,,,,,,,
160=,Kaiden,31,*,,,,,,
163,Xander,30,,,,,,,
164=,Kian,29,,,,,,,
164=,Olly,29,*,,,,,,
164=,Rocco,29,,,,,,,
164=,Zander,29,,,,,,,
168=,Hayden,28,,,,,,,
168=,Mohammad,28,,,,,,,
168=,Oakley,28,,,,,,,
168=,Ruairi,28,,,,,,,
172=,Cian,27,*,,,,,,
172=,Connell,27,,,,,,,
172=,Enzo,27,,,,,,,
172=,Jasper,27,,,,,,,
172=,Jonah,27,,,,,,,
172=,Miles,27,,,,,,,
172=,Milo,27,,,,,,,
172=,Oskar,27,,,,,,,
172=,Spencer,27,,,,,,,
172=,Zak,27,,,,,,,
182=,Charles,26,,,,,,,
182=,Ewan,26,,,,,,,
182=,Layton,26,*,,,,,,
182=,Rio,26,,,,,,,
186=,Ashton,25,,,,,,,
186=,Axel,25,,,,,,,
186=,Findlay,25,,,,,,,
186=,Frederick,25,,,,,,,
186=,Jason,25,,,,,,,
191=,Elliott,24,,,,,,,
191=,Gregor,24,,,,,,,
191=,Hector,24,,,,,,,
191=,Jay,24,,,,,,,
191=,Odin,24,,,,,,,
191=,Oran,24,,,,,,,
191=,Scott,24,,,,,,,
191=,Sean,24,*,,,,,,
199=,Abel,23,,,,,,,
199=,Campbell,23,*,,,,,,
199=,Darragh,23,,,,,,,
199=,Dominic,23,,,,,,,
199=,Edward,23,,,,,,,
199=,Rian,23,,,,,,,
199=,River,23,,,,,,,
199=,Yusuf,23,,,,,,,
207=,Beau,22,,,,,,,
207=,Colton,22,,,,,,,
207=,Joel,22,,,,,,,
207=,Kaleb,22,,,,,,,
207=,Kerr,22,,,,,,,
207=,Munro,22,,,,,,,
213=,Alasdair,21,,,,,,,
213=,Cruz,21,,,,,,,
213=,Douglas,21,,,,,,,
213=,Elias,21,,,,,,,
213=,Jaxx,21,,,,,,,
213=,Kevin,21,,,,,,,
213=,Niall,21,,,,,,,
213=,Travis,21,,,,,,,
221=,Ciaran,20,,,,,,,
221=,Filip,20,,,,,,,
221=,Hugh,20,,,,,,,
221=,Jace,20,,,,,,,
221=,Leighton,20,,,,,,,
221=,Luka,20,,,,,,,
221=,Mac,20,*,,,,,,
221=,Mark,20,,,,,,,
221=,Nicholas,20,,,,,,,
221=,Rudi,20,,,,,,,
221=,Toby,20,,,,,,,
221=,Vincent,20,,,,,,,
233=,Asher,19,,,,,,,
233=,Billy,19,,,,,,,
233=,Duncan,19,,,,,,,
233=,Junior,19,*,,,,,,
233=,Kobe,19,,,,,,,
233=,Lennox,19,,,,,,,
233=,Mateo,19,,,,,,,
233=,Miller,19,,,,,,,
233=,Oisin,19,,,,,,,
233=,Paul,19,,,,,,,
233=,Remy,19,,,,,,,
244=,Alistair,18,,,,,,,
244=,Bobby,18,,,,,,,
244=,Chester,18,,,,,,,
244=,Cohen,18,,,,,,,
244=,Eesa,18,,,,,,,
244=,Ibrahim,18,,,,,,,
244=,Jonathan,18,,,,,,,
244=,Julian,18,,,,,,,
244=,Maxwell,18,,,,,,,
244=,Nolan,18,,,,,,,
244=,Omar,18,,,,,,,
244=,Quinn,18,,,,,,,
244=,Rex,18,,,,,,,
244=,Ross,18,,,,,,,
258=,Ali,17,,,,,,,
258=,Eden,17,,,,,,,
258=,Nathaniel,17,*,,,,,,
258=,Phoenix,17,,,,,,,
262=,Archer,16,,,,,,,
262=,Ayaan,16,,,,,,,
262=,Bailey,16,,,,,,,
262=,Danny,16,,,,,,,
262=,Kieran,16,,,,,,,
262=,Kit,16,,,,,,,
262=,Lauchlan,16,,,,,,,
262=,Peter,16,,,,,,,
262=,Tobias,16,,,,,,,
262=,Tom,16,,,,,,,
262=,Torin,16,,,,,,,
273=,Ace,15,,,,,,,
273=,Albert,15,*,,,,,,
273=,Ivan,15,,,,,,,
273=,Jan,15,,,,,,,
273=,Leonardo,15,,,,,,,
273=,Lukas,15,,,,,,,
273=,Matteo,15,,,,,,,
273=,Mylo,15,,,,,,,
273=,Ralph,15,,,,,,,
273=,Reece,15,,,,,,,
273=,Ruari,15,,,,,,,
273=,Seth,15,,,,,,,
273=,Stephen,15,,,,,,,
286=,Alan,14,,,,,,,
286=,Ayden,14,,,,,,,
286=,Brandon,14,,,,,,,
286=,Caiden,14,,,,,,,
286=,Conall,14,,,,,,,
286=,Declan,14,*,,,,,,
286=,Harley,14,,,,,,,
286=,Jesse,14,,,,,,,
286=,Karson,14,,,,,,,
286=,Kody,14,,,,,,,
286=,Nikodem,14,,,,,,,
297=,Antoni,13,,,,,,,
297=,Blaine,13,,,,,,,
297=,Bodhi,13,,,,,,,
297=,Clark,13,*,,,,,,
297=,Colby,13,,,,,,,
297=,Cormac,13,,,,,,,
297=,Dominik,13,,,,,,,
297=,Eoin,13,,,,,,,
297=,Ivor,13,,,,,,,
297=,Jenson,13,,,,,,,
297=,Martin,13,,,,,,,
297=,Maximilian,13,,,,,,,
297=,Micah,13,*,,,,,,
297=,Muhammed,13,,,,,,,
297=,Murdo,13,*,,,,,,
297=,Nate,13,,,,,,,
297=,Otis,13,,,,,,,
297=,Rohan,13,,,,,,,
297=,Stanley,13,,,,,,,
316=,Aleksander,12,,,,,,,
316=,Casper,12,,,,,,,
316=,Francis,12,,,,,,,
316=,Keegan,12,,,,,,,
316=,Kingsley,12,,,,,,,
316=,Kole,12,,,,,,,
316=,Mack,12,,,,,,,
316=,Musa,12,,,,,,,
316=,Philip,12,,,,,,,
316=,Rudy,12,,,,,,,
316=,Rupert,12,,,,,,,
316=,Shane,12,,,,,,,
328=,Adrian,11,,,,,,,
328=,Ahmed,11,*,,,,,,
328=,Archibald,11,,,,,,,
328=,Ari,11,*,,,,,,
328=,Avery,11,,,,,,,
328=,Brooks,11,,,,,,,
328=,Cailean,11,,,,,,,
328=,Callen,11,,,,,,,
328=,Damian,11,,,,,,,
328=,Dexter,11,,,,,,,
328=,Jayce,11,,,,,,,
328=,Karter,11,,,,,,,
328=,Killian,11,,,,,,,
328=,Lawson,11,,,,,,,
328=,Lennon,11,,,,,,,
328=,Marcel,11,,,,,,,
328=,Marco,11,,,,,,,
328=,Mohamed,11,,,,,,,
328=,Ozzy,11,,,,,,,
328=,Richard,11,,,,,,,
328=,Romeo,11,,,,,,,
328=,Ruaraidh,11,,,,,,,
328=,Saul,11,,,,,,,
328=,Taylor,11,,,,,,,
328=,Vinnie,11,,,,,,,
353=,Bryce,10,,,,,,,
353=,Casey,10,,,,,,,
353=,Cayden,10,,,,,,,
353=,Fionn,10,,,,,,,
353=,Fletcher,10,,,,,,,
353=,Franciszek,10,,,,,,,
353=,Frank,10,,,,,,,
353=,Fynn,10,,,,,,,
353=,Koa,10,,,,,,,
353=,Kobi,10,,,,,,,
353=,Lee,10,,,,,,,
353=,Nairn,10,,,,,,,
353=,Neil,10,,,,,,,
353=,Olivier,10,,,,,,,
353=,Roan,10,,,,,,,
353=,Sorley,10,,,,,,,
353=,Yahya,10,*,,,,,,
353=,Zain,10,,,,,,,
353=,Zayn,10,,,,,,,
372=,Caden,9,,,,,,,
372=,Coen,9,,,,,,,
372=,Conan,9,,,,,,,
372=,Damon,9,,,,,,,
372=,Dawson,9,,,,,,,
372=,Freddy,9,,,,,,,
372=,Grant,9,,,,,,,
372=,Haris,9,,,,,,,
372=,Hendrix,9,,,,,,,
372=,Ian,9,,,,,,,
372=,Jakub,9,,,,,,,
372=,Jensen,9,,,,,,,
372=,Kacper,9,,,,,,,
372=,Kayson,9,,,,,,,
372=,Kylo,9,,,,,,,
372=,Leyton,9,,,,,,,
372=,Lomond,9,,,,,,,
372=,Milan,9,*,,,,,,
372=,Nicolas,9,,,,,,,
372=,Ramsay,9,,,,,,,
372=,Roddy,9,,,,,,,
372=,Steven,9,,,,,,,
372=,Syed,9,,,,,,,
372=,Szymon,9,,,,,,,
372=,Ted,9,,,,,,,
372=,Teodor,9,,,,,,,
372=,Tymon,9,,,,,,,
372=,Wallace,9,,,,,,,
372=,Wyatt,9,,,,,,,
401=,Brayden,8,,,,,,,
401=,Broden,8,,,,,,,
401=,Cairn,8,,,,,,,
401=,Caolan,8,,,,,,,
401=,Christian,8,,,,,,,
401=,Conlan,8,,,,,,,
401=,Darren,8,,,,,,,
401=,Dean,8,,,,,,,
401=,Donald,8,,,,,,,
401=,Eddie,8,,,,,,,
401=,Eoghan,8,,,,,,,
401=,Greyson,8,,,,,,,
401=,Hassan,8,,,,,,,
401=,Idris,8,,,,,,,
401=,Issac,8,,,,,,,
401=,Joe,8,,,,,,,
401=,Kasper,8,,,,,,,
401=,Kenzie,8,,,,,,,
401=,Knox,8,,,,,,,
401=,Kylian,8,*,,,,,,
401=,Leonidas,8,,,,,,,
401=,Mackenzie,8,,,,,,,
401=,Maddox,8,,,,,,,
401=,Malachy,8,,,,,,,
401=,Malcolm,8,*,,,,,,
401=,Marshall,8,*,,,,,,
401=,Mikolaj,8,,,,,,,
401=,Mitchell,8,,,,,,,
401=,Mustafa,8,,,,,,,
401=,Niko,8,,,,,,,
401=,Ruan,8,,,,,,,
401=,Sandy,8,,,,,,,
401=,Shae,8,,,,,,,
401=,Teddie,8,,,,,,,
401=,Tomas,8,,,,,,,
401=,Troy,8,,,,,,,
437=,Abdul,7,,,,,,,
437=,Ahmad,7,,,,,,,
437=,Ajay,7,,,,,,,
437=,Alec,7,,,,,,,
437=,Antonio,7,,,,,,,
437=,Aran,7,,,,,,,
437=,Aron,7,,,,,,,
437=,Azaan,7,,,,,,,
437=,Brooklyn,7,,,,,,,
437=,Bruce,7,,,,,,,
437=,Carlo,7,*,,,,,,
437=,Colin,7,,,,,,,
437=,Colson,7,,,,,,,
437=,Conal,7,,,,,,,
437=,Craig,7,,,,,,,
437=,Drew,7,,,,,,,
437=,Edwin,7,,,,,,,
437=,Hamza,7,,,,,,,
437=,Ivar,7,,,,,,,
437=,Justin,7,,,,,,,
437=,Kairo,7,,,,,,,
437=,Kane,7,,,,,,,
437=,Lincoln,7,,,,,,,
437=,Lochie,7,*,,,,,,
437=,Lochlin,7,,,,,,,
437=,Lorenzo,7,,,,,,,
437=,Markus,7,,,,,,,
437=,Marley,7,,,,,,,
437=,Mikey,7,,,,,,,
437=,Odhran,7,,,,,,,
437=,Rayan,7,,,,,,,
437=,Remi,7,,,,,,,
437=,Ritchie,7,,,,,,,
437=,Rome,7,,,,,,,
437=,Sami,7,,,,,,,
437=,Stanislaw,7,,,,,,,
437=,Stefan,7,,,,,,,
437=,Tristan,7,,,,,,,
437=,Zayaan,7,,,,,,,
437=,Ziggy,7,,,,,,,
477=,Abdullah,6,,,,,,,
477=,Atlas,6,,,,,,,
477=,Aydin,6,,,,,,,
477=,Bentley,6,,,,,,,
477=,Brady,6,,,,,,,
477=,Brian,6,,,,,,,
477=,Cai,6,,,,,,,
477=,Cairo,6,,,,,,,
477=,Cass,6,,,,,,,
477=,Clay,6,,,,,,,
477=,Clayton,6,,,,,,,
477=,Colt,6,,,,,,,
477=,Corran,6,,,,,,,
477=,Eric,6,,,,,,,
477=,Franco,6,,,,,,,
477=,Giovanni,6,,,,,,,
477=,Gordon,6,,,,,,,
477=,Gray,6,,,,,,,
477=,Henryk,6,,,,,,,
477=,Iain,6,*,,,,,,
477=,Ibraheem,6,,,,,,,
477=,Isaiah,6,,,,,,,
477=,Iver,6,,,,,,,
477=,Jaxxon,6,,,,,,,
477=,Jett,6,*,,,,,,
477=,Johnny,6,,,,,,,
477=,Kaden,6,,,,,,,
477=,Kaelan,6,,,,,,,
477=,Keir,6,,,,,,,
477=,Klay,6,,,,,,,
477=,Kodi,6,,,,,,,
477=,Kyren,6,,,,,,,
477=,Laith,6,,,,,,,
477=,Lake,6,,,,,,,
477=,Leonard,6,,,,,,,
477=,Lucca,6,,,,,,,
477=,Lyall,6,,,,,,,
477=,Marc,6,,,,,,,
477=,Mayson,6,,,,,,,
477=,Nikolas,6,,,,,,,
477=,Orrin,6,,,,,,,
477=,Raife,6,,,,,,,
477=,Ralphie,6,,,,,,,
477=,Raymond,6,,,,,,,
477=,Rayyan,6,,,,,,,
477=,Reid,6,,,,,,,
477=,Rueben,6,,,,,,,
477=,Sawyer,6,,,,,,,
477=,Shea,6,*,,,,,,
477=,Tadhg,6,,,,,,,
477=,Tiernan,6,,,,,,,
477=,Torran,6,,,,,,,
477=,Tymoteusz,6,,,,,,,
477=,Victor,6,,,,,,,
477=,Walter,6,,,,,,,
477=,Zaviyar,6,,,,,,,
533=,Alexandru,5,,,,,,,
533=,Alfred,5,,,,,,,
533=,Alvey,5,,,,,,,
533=,Amir,5,,,,,,,
533=,Aodhan,5,,,,,,,
533=,Arron,5,,,,,,,
533=,Aulay,5,,,,,,,
533=,Bruno,5,,,,,,,
533=,Cayde,5,,,,,,,
533=,Curtis,5,,,,,,,
533=,Dario,5,,,,,,,
533=,Deacon,5,,,,,,,
533=,Eduard,5,,,,,,,
533=,Erik,5,,,,,,,
533=,Ernest,5,,,,,,,
533=,Fabian,5,,,,,,,
533=,Ford,5,,,,,,,
533=,Gary,5,,,,,,,
533=,Glen,5,,,,,,,
533=,Hadi,5,,,,,,,
533=,Haider,5,,,,,,,
533=,Harper,5,,,,,,,
533=,Hubert,5,,,,,,,
533=,Ismail,5,,,,,,,
533=,Jaden,5,,,,,,,
533=,Jock,5,,,,,,,
533=,Julius,5,,,,,,,
533=,Kade,5,,,,,,,
533=,Kareem,5,,,,,,,
533=,Kenneth,5,,,,,,,
533=,Kiaan,5,,,,,,,
533=,Koah,5,,,,,,,
533=,Koby,5,,,,,,,
533=,Kolby,5,,,,,,,
533=,Kolton,5,,,,,,,
533=,Lennie,5,,,,,,,
533=,Lio,5,,,,,,,
533=,Lockie,5,,,,,,,
533=,Loki,5,,,,,,,
533=,Malik,5,,,,,,,
533=,Mario,5,,,,,,,
533=,Matei,5,,,,,,,
533=,Maverick,5,,,,,,,
533=,Maximus,5,,,,,,,
533=,Michal,5,,,,,,,
533=,Oban,5,,,,,,,
533=,Oliwier,5,,,,,,,
533=,Oren,5,,,,,,,
533=,Orson,5,,,,,,,
533=,Ossian,5,,,,,,,
533=,Preston,5,,,,,,,
533=,Rafael,5,,,,,,,
533=,Rafe,5,,,,,,,
533=,Rafferty,5,,,,,,,
533=,Raphael,5,,,,,,,
533=,Reagan,5,,,,,,,
533=,Regan,5,,,,,,,
533=,Renz,5,,,,,,,
533=,Riaan,5,,,,,,,
533=,Ryder,5,,,,,,,
533=,Santino,5,,,,,,,
533=,Sloan,5,,,,,,,
533=,Solomon,5,,,,,,,
533=,Stewart,5,,,,,,,
533=,Teo,5,,,,,,,
533=,Timothy,5,,,,,,,
533=,Umar,5,,,,,,,
533=,Valentino,5,,,,,,,
533=,Vinny,5,,,,,,,
533=,Zakariya,5,,,,,,,
533=,Zane,5,,,,,,,
533=,Zayan,5,,,,,,,
605=,Aadam,4,,,,,,,
605=,Aayan,4,,,,,,,
605=,Adriel,4,,,,,,,
605=,Alexandros,4,,,,,,,
605=,Alvie,4,,,,,,,
605=,Andrew-James,4,,,,,,,
605=,Antony,4,,,,,,,
605=,Arham,4,,,,,,,
605=,Artur,4,,,,,,,
605=,Aryan,4,,,,,,,
605=,Asa,4,,,,,,,
605=,Aston,4,,,,,,,
605=,Aubrey,4,,,,,,,
605=,August,4,,,,,,,
605=,Avyaan,4,,,,,,,
605=,Ayan,4,,,,,,,
605=,Ayoub,4,,,,,,,
605=,Boyd,4,,,,,,,
605=,Brae,4,,,,,,,
605=,Braxton,4,,,,,,,
605=,Buddy,4,,,,,,,
605=,Cain,4,,,,,,,
605=,Chase,4,,,,,,,
605=,Che,4,,,,,,,
605=,Coby,4,,,,,,,
605=,Codi,4,,,,,,,
605=,Colbie,4,,,,,,,
605=,Coll,4,,,,,,,
605=,Cree,4,,,,,,,
605=,Darius,4,,,,,,,
605=,Dax,4,,,,,,,
605=,Devlin,4,,,,,,,
605=,Dillon,4,,,,,,,
605=,Dougie,4,,,,,,,
605=,Easton,4,,,,,,,
605=,Edoardo,4,,,,,,,
605=,Emil,4,,,,,,,
605=,Emir,4,,,,,,,
605=,Emmett,4,,,,,,,
605=,Ewen,4,,,,,,,
605=,Finnley,4,,,,,,,
605=,Fox,4,,,,,,,
605=,Fred,4,,,,,,,
605=,Gabrielius,4,,,,,,,
605=,Georgie,4,,,,,,,
605=,Georgios,4,,,,,,,
605=,Gregory,4,,,,,,,
605=,Gus,4,,,,,,,
605=,Guy,4,,,,,,,
605=,Hashim,4,,,,,,,
605=,Igor,4,,,,,,,
605=,Israel,4,,,,,,,
605=,Jakob,4,,,,,,,
605=,Jared,4,,,,,,,
605=,Jayson,4,,,,,,,
605=,Jeremy,4,,,,,,,
605=,Johnathan,4,*,,,,,,
605=,Jonas,4,,,,,,,
605=,Julien,4,,,,,,,
605=,Kaison,4,,,,,,,
605=,Kalvin,4,,,,,,,
605=,Kaysen,4,,,,,,,
605=,Keenan,4,,,,,,,
605=,Khalid,4,,,,,,,
605=,Kilian,4,,,,,,,
605=,Klayton,4,,,,,,,
605=,Kristian,4,,,,,,,
605=,Kylan,4,,,,,,,
605=,Kyran,4,,,,,,,
605=,Kyro,4,,,,,,,
605=,Larson,4,,,,,,,
605=,Laurence,4,,,,,,,
605=,Laurie,4,,,,,,,
605=,Lawrie,4,,,,,,,
605=,Leland,4,,,,,,,
605=,Luis,4,,,,,,,
605=,Macaulay,4,,,,,,,
605=,Maksymilian,4,,,,,,,
605=,Malakai,4,,,,,,,
605=,Mathias,4,,,,,,,
605=,Mohsin,4,,,,,,,
605=,Natan,4,,,,,,,
605=,Noel,4,,,,,,,
605=,Olaf,4,,,,,,,
605=,Otto,4,,,,,,,
605=,Pablo,4,,,,,,,
605=,Presley,4,,,,,,,
605=,Reginald,4,,,,,,,
605=,Reign,4,,,,,,,
605=,Richie,4,,,,,,,
605=,Rogan,4,,,,,,,
605=,Ronin,4,,,,,,,
605=,Rufus,4,,,,,,,
605=,Russell,4,,,,,,,
605=,Ryker,4,,,,,,,
605=,Ryley,4,,,,,,,
605=,Sasha,4,,,,,,,
605=,Seb,4,,,,,,,
605=,Seumas,4,,,,,,,
605=,Simon,4,,,,,,,
605=,Sol,4,,,,,,,
605=,Stuart,4,,,,,,,
605=,Tate,4,,,,,,,
605=,Terry,4,,,,,,,
605=,Viktor,4,,,,,,,
605=,Warren,4,,,,,,,
605=,Wilfred,4,,,,,,,
605=,Will,4,,,,,,,
605=,Wren,4,,,,,,,
605=,Xavier,4,,,,,,,
605=,Yaseen,4,,,,,,,
605=,Yazan,4,,,,,,,
605=,Yousef,4,,,,,,,
605=,Yousuf,4,,,,,,,
605=,Zion,4,,,,,,,
720=,Aariz,3,,,,,,,
720=,Aedan,3,,,,,,,
720=,Alba,3,,,,,,,
720=,Albi,3,,,,,,,
720=,Alby,3,,,,,,,
720=,Alexandre,3,,,,,,,
720=,Allan,3,,,,,,,
720=,Alvi,3,,,,,,,
720=,Amaan,3,,,,,,,
720=,Anas,3,*,,,,,,
720=,Andreas,3,,,,,,,
720=,Andrei,3,,,,,,,
720=,Andrzej,3,,,,,,,
720=,Andy,3,,,,,,,
720=,Anton,3,,,,,,,
720=,Arie,3,,,,,,,
720=,Arlie,3,,,,,,,
720=,Aryaan,3,,,,,,,
720=,Ashar,3,,,,,,,
720=,Atholl,3,,,,,,,
720=,Barnaby,3,,,,,,,
720=,Barney,3,,,,,,,
720=,Baxter,3,,,,,,,
720=,Bear,3,,,,,,,
720=,Beauden,3,,,,,,,
720=,Benny,3,,,,,,,
720=,Bowie,3,,,,,,,
720=,Braydon,3,,,,,,,
720=,Brendan,3,,,,,,,
720=,Brennan,3,,,,,,,
720=,Cade,3,,,,,,,
720=,Cailan,3,,,,,,,
720=,Cal,3,,,,,,,
720=,Calan,3,,,,,,,
720=,Calder,3,,,,,,,
720=,Cieran,3,,,,,,,
720=,Clyde,3,,,,,,,
720=,Cobie,3,,,,,,,
720=,Coire,3,,,,,,,
720=,Connagh,3,,,,,,,
720=,Conner,3,,,,,,,
720=,Cory,3,,,,,,,
720=,Cruze,3,,,,,,,
720=,Damien,3,,,,,,,
720=,Damir,3,,,,,,,
720=,Daryl,3,,,,,,,
720=,David-James,3,,,,,,,
720=,Davis,3,,,,,,,
720=,Derek,3,,,,,,,
720=,Derry,3,,,,,,,
720=,Donnie,3,,,,,,,
720=,Dorian,3,,,,,,,
720=,Edan,3,,,,,,,
720=,Elia,3,,,,,,,
720=,Elis,3,,,,,,,
720=,Elvis,3,,,,,,,
720=,Elyas,3,,,,,,,
720=,Essa,3,,,,,,,
720=,Forest,3,,,,,,,
720=,Forrest,3,,,,,,,
720=,Gael,3,,,,,,,
720=,Gavin,3,,,,,,,
720=,Glenn,3,,,,,,,
720=,Harlow,3,,,,,,,
720=,Harlyn,3,,,,,,,
720=,Ignacy,3,,,,,,,
720=,Innis,3,,,,,,,
720=,Jad,3,,,,,,,
720=,Jase,3,,,,,,,
720=,Jaylen,3,,,,,,,
720=,John-James,3,,,,,,,
720=,Jordie,3,,,,,,,
720=,Josiah,3,,,,,,,
720=,Jozef,3,,,,,,,
720=,Judah,3,,,,,,,
720=,Kailen,3,,,,,,,
720=,Karol,3,,,,,,,
720=,Karsyn,3,,,,,,,
720=,Kash,3,,,,,,,
720=,Kason,3,,,,,,,
720=,Keagan,3,,,,,,,
720=,Keaton,3,,,,,,,
720=,Kelvin,3,,,,,,,
720=,Kenzo,3,,,,,,,
720=,Kingston,3,,,,,,,
720=,Kobie,3,,,,,,,
720=,Koen,3,,,,,,,
720=,Korey,3,,,,,,,
720=,Krzysztof,3,,,,,,,
720=,Kuba,3,,,,,,,
720=,Kyler,3,,,,,,,
720=,Kyron,3,,,,,,,
720=,Kyson,3,,,,,,,
720=,Lance,3,,,,,,,
720=,Lando,3,,,,,,,
720=,Leif,3,,,,,,,
720=,Lenny,3,,,,,,,
720=,Lloyd,3,,,,,,,
720=,Lonnie,3,,,,,,,
720=,Lorcan,3,,,,,,,
720=,Lowen,3,,,,,,,
720=,Lyndon,3,,,,,,,
720=,Macsen,3,,,,,,,
720=,Mahdi,3,,,,,,,
720=,Marty,3,,,,,,,
720=,Mateusz,3,,,,,,,
720=,Mckenzie,3,,,,,,,
720=,Miguel,3,,,,,,,
720=,Mikael,3,,,,,,,
720=,Millar,3,,,,,,,
720=,Miran,3,,,,,,,
720=,Mohamad,3,,,,,,,
720=,Neo,3,,,,,,,
720=,Nick,3,,,,,,,
720=,Norrie,3,,,,,,,
720=,Oliver-James,3,,,,,,,
720=,Orin,3,,,,,,,
720=,Ovie,3,,,,,,,
720=,Pearse,3,,,,,,,
720=,Percy,3,,,,,,,
720=,Perry,3,,,,,,,
720=,Piotr,3,,,,,,,
720=,Raegan,3,,,,,,,
720=,Ray,3,,,,,,,
720=,Rehan,3,,,,,,,
720=,Ren,3,,,,,,,
720=,Rennie,3,,,,,,,
720=,Reon,3,,,,,,,
720=,Rhu,3,,,,,,,
720=,Rhudi,3,,,,,,,
720=,Rhuri,3,,,,,,,
720=,Rocky,3,,,,,,,
720=,Sacha,3,,,,,,,
720=,Samson,3,,,,,,,
720=,Seamus,3,,,,,,,
720=,Shaun,3,,,,,,,
720=,Shaw,3,,,,,,,
720=,Sidney,3,,,,,,,
720=,Soren,3,,,,,,,
720=,Sullivan,3,,,,,,,
720=,Taha,3,,,,,,,
720=,Tait,3,,,,,,,
720=,Taran,3,,,,,,,
720=,Thorfinn,3,,,,,,,
720=,Tommie,3,,,,,,,
720=,Woody,3,,,,,,,
720=,Zaid,3,,,,,,,
720=,Zakaria,3,,,,,,,
720=,Zakariyya,3,,,,,,,
720=,Zayd,3,,,,,,,
720=,Zohan,3,,,,,,,
871=,Aahil,2,,,,,,,
871=,Aarav,2,,,,,,,
871=,Aarush,2,,,,,,,
871=,Abbas,2,,,,,,,
871=,Abraham,2,,,,,,,
871=,Adie,2,,,,,,,
871=,Adnan,2,,,,,,,
871=,Adonis,2,,,,,,,
871=,Aeden,2,,,,,,,
871=,Aj,2,,,,,,,
871=,Alaa,2,,,,,,,
871=,Alastair,2,,,,,,,
871=,Alban,2,,,,,,,
871=,Alejandro,2,,,,,,,
871=,Alessio,2,,,,,,,
871=,Alister,2,,,,,,,
871=,Aliyar,2,,,,,,,
871=,Ally,2,,,,,,,
871=,Ameer,2,,,,,,,
871=,Ammar,2,,,,,,,
871=,Amos,2,,,,,,,
871=,Anant,2,,,,,,,
871=,Aneurin,2,,,,,,,
871=,Aonghus,2,,,,,,,
871=,Apollo,2,,,,,,,
871=,Aqib,2,,,,,,,
871=,Aras,2,,,,,,,
871=,Archimedes,2,,,,,,,
871=,Argyle,2,,,,,,,
871=,Arhum,2,,,,,,,
871=,Arian,2,,,,,,,
871=,Aris,2,,,,,,,
871=,Arish,2,,,,,,,
871=,Arjun,2,,,,,,,
871=,Arlen,2,,,,,,,
871=,Arman,2,,,,,,,
871=,Arne,2,,,,,,,
871=,Arno,2,,,,,,,
871=,Aro,2,,,,,,,
871=,Artem,2,,,,,,,
871=,Ash,2,,,,,,,
871=,Atticus,2,,,,,,,
871=,Augustas,2,,,,,,,
871=,Augustus,2,,,,,,,
871=,Auley,2,,,,,,,
871=,Aurelio,2,,,,,,,
871=,Austen,2,,,,,,,
871=,Avi,2,,,,,,,
871=,Awab,2,,,,,,,
871=,Axl,2,,,,,,,
871=,Aydan,2,,,,,,,
871=,Baker,2,,,,,,,
871=,Balfour,2,,,,,,,
871=,Barclay,2,,,,,,,
871=,Barrie,2,,,,,,,
871=,Barron,2,,,,,,,
871=,Beinn,2,,,,,,,
871=,Benedict,2,,,,,,,
871=,Benji,2,,,,,,,
871=,Bennett,2,,,,,,,
871=,Bertie,2,,,,,,,
871=,Bhavin,2,,,,,,,
871=,Bjorn,2,,,,,,,
871=,Blain,2,,,,,,,
871=,Blane,2,,,,,,,
871=,Blayke,2,,,,,,,
871=,Blayn,2,,,,,,,
871=,Boston,2,,,,,,,
871=,Brandan,2,,,,,,,
871=,Brax,2,,,,,,,
871=,Braylon,2,*,,,,,,
871=,Brock,2,,,,,,,
871=,Brodi,2,,,,,,,
871=,Brogan,2,,,,,,,
871=,Bryan,2,,,,,,,
871=,Caelen,2,,,,,,,
871=,Caine,2,,,,,,,
871=,Caley,2,,,,,,,
871=,Callahan,2,,,,,,,
871=,Carlos,2,,,,,,,
871=,Carrick,2,,,,,,,
871=,Carter-James,2,,,,,,,
871=,Cash,2,,,,,,,
871=,Caspar,2,,,,,,,
871=,Caysen,2,,,,,,,
871=,Cedric,2,,,,,,,
871=,Chinedu,2,,,,,,,
871=,Christos,2,,,,,,,
871=,Clarke,2,,,,,,,
871=,Coben,2,,,,,,,
871=,Cobhan,2,,,,,,,
871=,Cobi,2,*,,,,,,
871=,Colbi,2,,,,,,,
871=,Coleson,2,,,,,,,
871=,Conley,2,,,,,,,
871=,Conn,2,,,,,,,
871=,Connal,2,,,,,,,
871=,Corin,2,,,,,,,
871=,Crawford,2,,,,,,,
871=,Culann,2,,,,,,,
871=,Cyrus,2,,,,,,,
871=,Dalton,2,,,,,,,
871=,Danilo,2,,,,,,,
871=,Daniyal,2,,,,,,,
871=,Dara,2,,,,,,,
871=,Darach,2,,,,,,,
871=,Darian,2,,,,,,,
871=,Dariusz,2,,,,,,,
871=,David-Jnr,2,,,,,,,
871=,Davie,2,,,,,,,
871=,Dawid,2,,,,,,,
871=,Declyn,2,,,,,,,
871=,Dev,2,,,,,,,
871=,Devin,2,,,,,,,
871=,Devon,2,,,,,,,
871=,Diego,2,,,,,,,
871=,Dillan,2,,,,,,,
871=,Dimitri,2,,,,,,,
871=,Donny,2,,,,,,,
871=,Dougal,2,,,,,,,
871=,Duke,2,,,,,,,
871=,Eamon,2,,,,,,,
871=,Eben,2,,,,,,,
871=,Ehsan,2,,,,,,,
871=,Eisa,2,,,,,,,
871=,Eldon,2,,,,,,,
871=,Eliot,2,,,,,,,
871=,Emilio,2,,,,,,,
871=,Emmanuel,2,,,,,,,
871=,Emrys,2,,,,,,,
871=,Erland,2,,,,,,,
871=,Ervin,2,,,,,,,
871=,Esa,2,,,,,,,
871=,Esson,2,,,,,,,
871=,Eugene,2,,,,,,,
871=,Ezekiel,2,,,,,,,
871=,Faizan,2,,,,,,,
871=,Farrell,2,,,,,,,
871=,Farris,2,,,,,,,
871=,Finnian,2,,,,,,,
871=,Finnlay,2,,,,,,,
871=,Fintan,2,,,,,,,
871=,Forbes,2,,,,,,,
871=,Foxx,2,,,,,,,
871=,Francesco,2,,,,,,,
871=,Francisco,2,,,,,,,
871=,Frazer,2,,,,,,,
871=,Fyfe,2,,,,,,,
871=,Gene,2,,,,,,,
871=,Geordie,2,,,,,,,
871=,Gerard,2,,,,,,,
871=,Graeme,2,,,,,,,
871=,Greg,2,,,,,,,
871=,Gunnar,2,,,,,,,
871=,Gunner,2,,,,,,,
871=,Hal,2,,,,,,,
871=,Harlan,2,,,,,,,
871=,Haroon,2,,,,,,,
871=,Hashir,2,,,,,,,
871=,Hasnain,2,,,,,,,
871=,Haydn,2,,,,,,,
871=,Heath,2,,,,,,,
871=,Hew,2,,,,,,,
871=,Hughie,2,,,,,,,
871=,Humza,2,,,,,,,
871=,Hung,2,,,,,,,
871=,Ifeanyichukwu,2,,,,,,,
871=,Irving,2,,,,,,,
871=,Isa,2,,,,,,,
871=,Ishaan,2,,,,,,,
871=,Ishaq,2,,,,,,,
871=,Ismael,2,,,,,,,
871=,Issa,2,,,,,,,
871=,Ivaan,2,,,,,,,
871=,Ivo,2,,,,,,,
871=,Izaan,2,,,,,,,
871=,Izaiah,2,,,,,,,
871=,Jackie,2,,,,,,,
871=,Jaiden,2,,,,,,,
871=,Jaime,2,,,,,,,
871=,Jameson,2,,,,,,,
871=,Jaxen,2,,,,,,,
871=,Jaxon-James,2,,,,,,,
871=,Jay-Jay,2,,,,,,,
871=,Jay-Junior,2,,,,,,,
871=,Jaycob,2,,,,,,,
871=,Jayden-Lee,2,,,,,,,
871=,Jeff,2,*,,,,,,
871=,Jimi,2,,,,,,,
871=,Jimmy,2,,,,,,,
871=,Johnpaul,2,,,,,,,
871=,Jokubas,2,,,,,,,
871=,Jonny,2,,,,,,,
871=,Jordyn,2,,,,,,,
871=,Jos,2,,,,,,,
871=,Joud,2,,,,,,,
871=,Jules,2,,,,,,,
871=,Kabir,2,,,,,,,
871=,Kaeden,2,,,,,,,
871=,Kailo,2,,,,,,,
871=,Kaine,2,,,,,,,
871=,Kaiser,2,,,,,,,
871=,Kal,2,,,,,,,
871=,Kaladin,2,,,,,,,
871=,Kalen,2,,,,,,,
871=,Kallen,2,,,,,,,
871=,Kamil,2,,,,,,,
871=,Kase,2,,,,,,,
871=,Kayden-James,2,,,,,,,
871=,Kayleb,2,,,,,,,
871=,Kaylen,2,,,,,,,
871=,Keanu,2,,,,,,,
871=,Keith,2,,,,,,,
871=,Kenny,2,,,,,,,
871=,Keon,2,,,,,,,
871=,Khai,2,,,,,,,
871=,Khal,2,,,,,,,
871=,Kitt,2,,,,,,,
871=,Kiyan,2,,,,,,,
871=,Kohen,2,,,,,,,
871=,Kol,2,,,,,,,
871=,Konan,2,,,,,,,
871=,Konstantinos,2,,,,,,,
871=,Kornel,2,,,,,,,
871=,Kory,2,,,,,,,
871=,Krishav,2,,,,,,,
871=,Kristiyan,2,,,,,,,
871=,Kurtis,2,,,,,,,
871=,Kye,2,,,,,,,
871=,Kylen,2,,,,,,,
871=,Kyrie,2,,,,,,,
871=,Lachlann,2,,,,,,,
871=,Larsson,2,,,,,,,
871=,Lawrence,2,,,,,,,
871=,Layke,2,,,,,,,
871=,Layth,2,,,,,,,
871=,Lewie,2,,,,,,,
871=,Lex,2,,,,,,,
871=,Leyland,2,,,,,,,
871=,Liviu,2,,,,,,,
871=,Lochlann,2,,,,,,,
871=,Locki,2,,,,,,,
871=,Logan-James,2,,,,,,,
871=,Lorne,2,,,,,,,
871=,Loui,2,,,,,,,
871=,Lowrie,2,,,,,,,
871=,Lucian,2,,,,,,,
871=,Lucien,2,,,,,,,
871=,Lucio,2,,,,,,,
871=,Maaz,2,,,,,,,
871=,Maison,2,,,,,,,
871=,Malachi,2,,,,,,,
871=,Marcello,2,,,,,,,
871=,Marios,2,,,,,,,
871=,Marlon,2,,,,,,,
871=,Marvin,2,,,,,,,
871=,Massimo,2,,,,,,,
871=,Mate,2,,,,,,,
871=,Matias,2,,,,,,,
871=,Matyas,2,,,,,,,
871=,Mehdi,2,,,,,,,
871=,Mekhi,2,,,,,,,
871=,Memphis,2,,,,,,,
871=,Mihail,2,,,,,,,
871=,Mikail,2,,,,,,,
871=,Miroslav,2,,,,,,,
871=,Momin,2,,,,,,,
871=,Monroe,2,,,,,,,
871=,Montgomery,2,,,,,,,
871=,Morgan,2,,,,,,,
871=,Moss,2,,,,,,,
871=,Mungo,2,,,,,,,
871=,Murdoch,2,,,,,,,
871=,Murphy,2,,,,,,,
871=,Naren,2,,,,,,,
871=,Nicky,2,,,,,,,
871=,Nicolo,2,,,,,,,
871=,Nihal,2,,,,,,,
871=,Nikita,2,,,,,,,
871=,Noa,2,,,,,,,
871=,Oli,2,*,,,,,,
871=,Olin,2,,,,,,,
871=,Omer,2,,,,,,,
871=,Orion,2,,,,,,,
871=,Orran,2,,,,,,,
871=,Padraig,2,,,,,,,
871=,Panagiotis,2,,,,,,,
871=,Parth,2,,,,,,,
871=,Paxton,2,,,,,,,
871=,Petru,2,,,,,,,
871=,Quaid,2,,,,,,,
871=,Rae,2,,,,,,,
871=,Ragnar,2,,,,,,,
871=,Rahim,2,,,,,,,
871=,Raiden,2,,,,,,,
871=,Raith,2,,,,,,,
871=,Ralphy,2,,,,,,,
871=,Rami,2,,,,,,,
871=,Ranald,2,,,,,,,
871=,Ranulph,2,,,,,,,
871=,Rayen,2,,,,,,,
871=,Reed,2,,,,,,,
871=,Reilly,2,,,,,,,
871=,Remo,2,,,,,,,
871=,Rhuari,2,,,,,,,
871=,Riley-James,2,,,,,,,
871=,Roberto,2,,,,,,,
871=,Roderick,2,,,,,,,
871=,Rodrigo,2,,,,,,,
871=,Rohaan,2,,,,,,,
871=,Rohail,2,,,,,,,
871=,Roj,2,,,,,,,
871=,Ronald,2,,,,,,,
871=,Rossi,2,,,,,,,
871=,Roy,2,,,,,,,
871=,Ruadh,2,,,,,,,
871=,Rudra,2,,,,,,,
871=,Rumaan,2,,,,,,,
871=,Ruraidh,2,,,,,,,
871=,Ruri,2,,,,,,,
871=,Rylee,2,,,,,,,
871=,Rylie,2,,,,,,,
871=,Ryver,2,,,,,,,
871=,Safwan,2,,,,,,,
871=,Saif,2,,,,,,,
871=,Saim,2,,,,,,,
871=,Saint,2,,,,,,,
871=,Samir,2,,,,,,,
871=,Santi,2,,,,,,,
871=,Santiago,2,,,,,,,
871=,Sehajdeep,2,,,,,,,
871=,Seonaidh,2,,,,,,,
871=,Seoras,2,,,,,,,
871=,Serge,2,,,,,,,
871=,Shahan,2,,,,,,,
871=,Silas,2,,,,,,,
871=,Simeon,2,,,,,,,
871=,Simone,2,,,,,,,
871=,Skyler,2,,,,,,,
871=,Sonnie,2,,,,,,,
871=,Sorren,2,,,,,,,
871=,Sterling,2,,,,,,,
871=,Sufian,2,,,,,,,
871=,Sufyaan,2,,,,,,,
871=,Sulaiman,2,,,,,,,
871=,Sylvester,2,,,,,,,
871=,Taim,2,,,,,,,
871=,Theodor,2,,,,,,,
871=,Thiago,2,,,,,,,
871=,Thom,2,,,,,,,
871=,Thomas-James,2,,,,,,,
871=,Tiago,2,,,,,,,
871=,Tierney,2,,,,,,,
871=,Tim,2,,,,,,,
871=,Tj,2,,,,,,,
871=,Tjay,2,,,,,,,
871=,Tobiasz,2,,,,,,,
871=,Tommi,2,,,,,,,
871=,Tommy-Scott,2,*,,,,,,
871=,Tony,2,,,,,,,
871=,Toren,2,,,,,,,
871=,Torrin,2,,,,,,,
871=,Tucker,2,,,,,,,
871=,Tyrese,2,,,,,,,
871=,Tyson,2,,,,,,,
871=,Vihaan,2,,,,,,,
871=,Vivan,2,,,,,,,
871=,Wade,2,,,,,,,
871=,Walker,2,,,,,,,
871=,Wesley,2,,,,,,,
871=,Weston,2,,,,,,,
871=,Wilbur,2,,,,,,,
871=,Witold,2,,,,,,,
871=,Wolfgang,2,,,,,,,
871=,Yakub,2,,,,,,,
871=,Yanis,2,,,,,,,
871=,Yaqub,2,,,,,,,
871=,Yohan,2,,,,,,,
871=,Younes,2,,,,,,,
871=,Yousif,2,,,,,,,
871=,Youssef,2,,,,,,,
871=,Yunus,2,,,,,,,
871=,Yuvan,2,,,,,,,
871=,Yuvansh,2,,,,,,,
871=,Zackary,2,,,,,,,
871=,Zakary,2,,,,,,,
871=,Zayden,2,,,,,,,
871=,Zayne,2,,,,,,,
871=,Zayyan,2,,,,,,,
871=,Zeeshan,2,,,,,,,
871=,Zeke,2,,,,,,,
871=,Zohaan,2,,,,,,,
871=,Zoraver,2,,,,,,,
871=,Zyaire,2,,,,,,,
1265=,A,1,,,,,,,
1265=,A'zyon,1,,,,,,,
1265=,A-Jay,1,,,,,,,
1265=,Aadhi,1,,,,,,,
1265=,Aadhvik,1,,,,,,,
1265=,Aadil,1,,,,,,,
1265=,Aadvik,1,,,,,,,
1265=,Aaran,1,,,,,,,
1265=,Aari,1,,,,,,,
1265=,Aarian,1,,,,,,,
1265=,Aariv,1,,,,,,,
1265=,Aaron-Lewis,1,,,,,,,
1265=,Aarrin,1,,,,,,,
1265=,Aarus,1,,,,,,,
1265=,Aaruth,1,,,,,,,
1265=,Aaryn,1,,,,,,,
1265=,Aashir,1,,,,,,,
1265=,Aaswim,1,,,,,,,
1265=,Aavish,1,,,,,,,
1265=,Aayansh,1,,,,,,,
1265=,Aazam,1,,,,,,,
1265=,Abakr,1,,,,,,,
1265=,Abd,1,,,,,,,
1265=,Abdalla,1,,,,,,,
1265=,Abdelghany,1,,,,,,,
1265=,Abdul-Aleem,1,,,,,,,
1265=,Abdul-Haadi,1,,,,,,,
1265=,Abdul-Hameed,1,,,,,,,
1265=,Abdul-Samad,1,,,,,,,
1265=,Abdulazeez,1,,,,,,,
1265=,Abdulhadi,1,,,,,,,
1265=,Abdulmalik,1,,,,,,,
1265=,Abdulrahman,1,,,,,,,
1265=,Abdurahman,1,,,,,,,
1265=,Abdurrahman,1,,,,,,,
1265=,Abe,1,,,,,,,
1265=,Abhimanyu,1,,,,,,,
1265=,Abie,1,,,,,,,
1265=,Abitoluwa,1,,,,,,,
1265=,Abu,1,,,,,,,
1265=,Abubacarr,1,,,,,,,
1265=,Abubakar,1,,,,,,,
1265=,Abubaker,1,,,,,,,
1265=,Abul,1,,,,,,,
1265=,Abulfazl,1,,,,,,,
1265=,Achille,1,,,,,,,
1265=,Achim,1,,,,,,,
1265=,Ackie,1,,,,,,,
1265=,Adair,1,,,,,,,
1265=,Adamo,1,,,,,,,
1265=,Adeel,1,,,,,,,
1265=,Ademola,1,,,,,,,
1265=,Aden,1,,,,,,,
1265=,Adham,1,,,,,,,
1265=,Adhithyan,1,,,,,,,
1265=,Aditya,1,,,,,,,
1265=,Adley,1,,,,,,,
1265=,Adrien,1,,,,,,,
1265=,Advik,1,,,,,,,
1265=,Adwaito,1,,,,,,,
1265=,Adyaan,1,,,,,,,
1265=,Aeko,1,,,,,,,
1265=,Affaan,1,,,,,,,
1265=,Affan,1,,,,,,,
1265=,Affi-Nyamekye,1,,,,,,,
1265=,Affie,1,,,,,,,
1265=,Agamveer,1,,,,,,,
1265=,Ahamed,1,,,,,,,
1265=,Aherlow,1,,,,,,,
1265=,Ahmet,1,,,,,,,
1265=,Ahoora,1,,,,,,,
1265=,Ahren,1,,,,,,,
1265=,Aibne,1,,,,,,,
1265=,Aidaan,1,,,,,,,
1265=,Aidan-Jordan,1,,,,,,,
1265=,Aiden-James,1,,,,,,,
1265=,Aimo,1,,,,,,,
1265=,Ainslie,1,,,,,,,
1265=,Ajax,1,,,,,,,
1265=,Ajwan,1,,,,,,,
1265=,Akaal,1,,,,,,,
1265=,Akef,1,,,,,,,
1265=,Akhiro,1,,,,,,,
1265=,Akie,1,,,,,,,
1265=,Akif,1,,,,,,,
1265=,Akinbolu,1,,,,,,,
1265=,Akintola,1,,,,,,,
1265=,Akkshaj,1,,,,,,,
1265=,Akos,1,,,,,,,
1265=,Aksel,1,,,,,,,
1265=,Akshansh,1,,,,,,,
1265=,Akshar,1,,,,,,,
1265=,Akshayan,1,,,,,,,
1265=,Al-Mubarak,1,,,,,,,
1265=,Alben,1,,,,,,,
1265=,Alden,1,,,,,,,
1265=,Aleck,1,,,,,,,
1265=,Aled,1,,,,,,,
1265=,Aleksandar,1,,,,,,,
1265=,Alekss,1,,,,,,,
1265=,Alend,1,,,,,,,
1265=,Alessandro,1,,,,,,,
1265=,Alex-Junior,1,,,,,,,
1265=,Alexander-James,1,,,,,,,
1265=,Alexander-Jax,1,,,,,,,
1265=,Alexander-Jericho,1,,,,,,,
1265=,Alexzander,1,,,,,,,
1265=,Alf,1,,,,,,,
1265=,Alfie-James,1,,,,,,,
1265=,Alfie-John,1,,,,,,,
1265=,Alijah,1,,,,,,,
1265=,Alisdair,1,,,,,,,
1265=,Aliyan,1,,,,,,,
1265=,Allan-Archie,1,,,,,,,
1265=,Allister,1,,,,,,,
1265=,Allister-John,1,,,,,,,
1265=,Alois,1,,,,,,,
1265=,Alonso,1,,,,,,,
1265=,Alpha,1,,,,,,,
1265=,Alsosa,1,,,,,,,
1265=,Altamash,1,,,,,,,
1265=,Altheo,1,,,,,,,
1265=,Alvar,1,,,,,,,
1265=,Alvaro,1,,,,,,,
1265=,Alvy,1,,,,,,,
1265=,Alwyn,1,,,,,,,
1265=,Amadeusz,1,,,,,,,
1265=,Amanj,1,,,,,,,
1265=,Amanpreet,1,,,,,,,
1265=,Ambrose,1,,,,,,,
1265=,Amen,1,,,,,,,
1265=,Amenadiel,1,,,,,,,
1265=,Amer,1,,,,,,,
1265=,Amhairghin,1,,,,,,,
1265=,Amirtaha,1,,,,,,,
1265=,Amjad,1,,,,,,,
1265=,Amr,1,,,,,,,
1265=,Amru,1,,,,,,,
1265=,Amyr,1,,,,,,,
1265=,An,1,,,,,,,
1265=,Anakin,1,,,,,,,
1265=,Anaser,1,,,,,,,
1265=,Anay,1,,,,,,,
1265=,Ander,1,,,,,,,
1265=,Andey,1,,,,,,,
1265=,Andi,1,,,,,,,
1265=,Andre,1,,,,,,,
1265=,Andrea,1,,,,,,,
1265=,Anduin,1,,,,,,,
1265=,Aneni,1,,,,,,,
1265=,Anes,1,,,,,,,
1265=,Anestis,1,,,,,,,
1265=,Anfolaoluwami,1,,,,,,,
1265=,Angadpal,1,,,,,,,
1265=,Angel,1,,,,,,,
1265=,Angelo,1,,,,,,,
1265=,Anlon,1,,,,,,,
1265=,Anmay,1,,,,,,,
1265=,Anson,1,,,,,,,
1265=,Ansumana,1,,,,,,,
1265=,Antek,1,,,,,,,
1265=,Anthony-David,1,,,,,,,
1265=,Anthony-John,1,,,,,,,
1265=,Antoine,1,,,,,,,
1265=,Antwan,1,,,,,,,
1265=,Anuife,1,,,,,,,
1265=,Aodh,1,,,,,,,
1265=,Apolloniusz,1,,,,,,,
1265=,Apostolos,1,,,,,,,
1265=,Aquila,1,,,,,,,
1265=,Aram,1,,,,,,,
1265=,Araoluwa,1,,,,,,,
1265=,Archis,1,,,,,,,
1265=,Archy,1,,,,,,,
1265=,Arden,1,,,,,,,
1265=,Areel,1,,,,,,,
1265=,Areen,1,,,,,,,
1265=,Arel,1,,,,,,,
1265=,Ares,1,,,,,,,
1265=,Arhlo,1,,,,,,,
1265=,Arii,1,,,,,,,
1265=,Arin,1,,,,,,,
1265=,Arireoluwa,1,,,,,,,
1265=,Arkadiusz,1,,,,,,,
1265=,Arlo-Hendry,1,,,,,,,
1265=,Arlo-James,1,,,,,,,
1265=,Arloe,1,,,,,,,
1265=,Arloh,1,,,,,,,
1265=,Arlon,1,,,,,,,
1265=,Arlowe,1,,,,,,,
1265=,Armaan,1,,,,,,,
1265=,Armando,1,,,,,,,
1265=,Armel,1,,,,,,,
1265=,Arnold,1,,,,,,,
1265=,Aroe,1,,,,,,,
1265=,Aronas,1,,,,,,,
1265=,Arryn,1,,,,,,,
1265=,Arsalan,1,,,,,,,
1265=,Arshmaan,1,,,,,,,
1265=,Arshman,1,,,,,,,
1265=,Artie,1,,,,,,,
1265=,Artien,1,,,,,,,
1265=,Arvi,1,,,,,,,
1265=,Arvin,1,,,,,,,
1265=,Arvish,1,,,,,,,
1265=,Arvo,1,,,,,,,
1265=,Arwyn,1,,,,,,,
1265=,Ary,1,,,,,,,
1265=,Aryn,1,,,,,,,
1265=,Arzaan,1,,,,,,,
1265=,Arziki,1,,,,,,,
1265=,Asadel,1,,,,,,,
1265=,Asaiah,1,,,,,,,
1265=,Aseel,1,,,,,,,
1265=,Ashaar,1,,,,,,,
1265=,Ashley,1,,,,,,,
1265=,Ashren,1,,,,,,,
1265=,Ashvik,1,,,,,,,
1265=,Ashwin,1,,,,,,,
1265=,Ashwyn,1,,,,,,,
1265=,Asim,1,,,,,,,
1265=,Aspen,1,,,,,,,
1265=,Astor,1,,,,,,,
1265=,Astyn,1,,,,,,,
1265=,Ata,1,*,,,,,,
1265=,Atharv,1,,,,,,,
1265=,Athilan,1,,,,,,,
1265=,Athol,1,,,,,,,
1265=,Atlin,1,,,,,,,
1265=,Auguste,1,,,,,,,
1265=,Auren,1,,,,,,,
1265=,Auron,1,,,,,,,
1265=,Aury,1,*,,,,,,
1265=,Avik,1,,,,,,,
1265=,Avin,1,,,,,,,
1265=,Aviraaj,1,,,,,,,
1265=,Avram,1,,,,,,,
1265=,Avyan,1,,,,,,,
1265=,Avyukt,1,,,,,,,
1265=,Awais,1,,,,,,,
1265=,Awwab,1,,,,,,,
1265=,Axel-Joseph,1,,,,,,,
1265=,Axell,1,,,,,,,
1265=,Axiel,1,,,,,,,
1265=,Axl-River,1,,,,,,,
1265=,Axton,1,,,,,,,
1265=,Axyl,1,,,,,,,
1265=,Ayaaz,1,,,,,,,
1265=,Aydan-J,1,,,,,,,
1265=,Aydn,1,,,,,,,
1265=,Ayman,1,,,,,,,
1265=,Ayo,1,,,,,,,
1265=,Ayoola,1,,,,,,,
1265=,Ayotomi,1,,,,,,,
1265=,Ayyash,1,,,,,,,
1265=,Ayyub,1,,,,,,,
1265=,Ayzam,1,,,,,,,
1265=,Ayzin,1,,,,,,,
1265=,Azahiel,1,,,,,,,
1265=,Azan,1,,,,,,,
1265=,Azariah,1,,,,,,,
1265=,Azario,1,,,,,,,
1265=,Azayel,1,,,,,,,
1265=,Azer,1,,,,,,,
1265=,Azzam,1,,,,,,,
1265=,Baby,1,*,,,,,,
1265=,Bahdoon,1,,,,,,,
1265=,Bahez,1,,,,,,,
1265=,Bailie,1,,,,,,,
1265=,Baillie,1,,,,,,,
1265=,Bailo,1,,,,,,,
1265=,Baran,1,,,,,,,
1265=,Barra,1,,,,,,,
1265=,Barry,1,,,,,,,
1265=,Bartek,1,,,,,,,
1265=,Bartosz,1,,,,,,,
1265=,Basile,1,,,,,,,
1265=,Batu,1,,,,,,,
1265=,Beaux,1,,,,,,,
1265=,Bek,1,,,,,,,
1265=,Bellamy,1,,,,,,,
1265=,Benaiah,1,,,,,,,
1265=,Benas,1,,,,,,,
1265=,Benett,1,,,,,,,
1265=,Bennan,1,,,,,,,
1265=,Benni,1,,,,,,,
1265=,Benoit,1,,,,,,,
1265=,Bently,1,,,,,,,
1265=,Berdiya,1,,,,,,,
1265=,Bernard,1,,,,,,,
1265=,Bertram,1,,,,,,,
1265=,Bhargav,1,,,,,,,
1265=,Bhodi,1,,,,,,,
1265=,Bilal,1,,,,,,,
1265=,Bill,1,,,,,,,
1265=,Billy-John,1,,,,,,,
1265=,Billy-Mccall,1,,,,,,,
1265=,Blaise,1,,,,,,,
1265=,Blake-John,1,,,,,,,
1265=,Blakebruges,1,,,,,,,
1265=,Blakely,1,,,,,,,
1265=,Blayne,1,,,,,,,
1265=,Blayx,1,,,,,,,
1265=,Bleu,1,,,,,,,
1265=,Bligh,1,,,,,,,
1265=,Blu,1,,,,,,,
1265=,Bobbie,1,,,,,,,
1265=,Bobby-Thomas,1,,,,,,,
1265=,Bodie,1,,,,,,,
1265=,Bonifacy,1,,,,,,,
1265=,Boran,1,,,,,,,
1265=,Boris,1,,,,,,,
1265=,Borislav,1,,,,,,,
1265=,Borna,1,,,,,,,
1265=,Borys,1,,,,,,,
1265=,Bow,1,,,,,,,
1265=,Bowan,1,,,,,,,
1265=,Bowe-Duke,1,,,,,,,
1265=,Bowen,1,,,,,,,
1265=,Bradan,1,,,,,,,
1265=,Braedan,1,,,,,,,
1265=,Braedyn,1,,,,,,,
1265=,Bram,1,,,,,,,
1265=,Bramwell,1,,,,,,,
1265=,Brando,1,,,,,,,
1265=,Braxtyn,1,,,,,,,
1265=,Braydan,1,,,,,,,
1265=,Braylen,1,,,,,,,
1265=,Brenley,1,,,,,,,
1265=,Brett,1,,,,,,,
1265=,Brian-Anthony,1,,,,,,,
1265=,Brindley,1,,,,,,,
1265=,Brinn,1,,,,,,,
1265=,Brison,1,,,,,,,
1265=,Briysone-Beau,1,,,,,,,
1265=,Broderic,1,,,,,,,
1265=,Broderick,1,,,,,,,
1265=,Brodey,1,,,,,,,
1265=,Brodhie,1,,,,,,,
1265=,Brodie-William,1,,,,,,,
1265=,Brodii,1,,,,,,,
1265=,Bronson,1,,,,,,,
1265=,Brookllyn,1,,,,,,,
1265=,Brox,1,,,,,,,
1265=,Bruan,1,,,,,,,
1265=,Bruar,1,,,,,,,
1265=,Bruk,1,,,,,,,
1265=,Bryden,1,,,,,,,
1265=,Brydon,1,,,,,,,
1265=,C-Jay,1,,,,,,,
1265=,Cadyn,1,,,,,,,
1265=,Caeden,1,,,,,,,
1265=,Caedyn,1,,,,,,,
1265=,Cael,1,,,,,,,
1265=,Caelin,1,,,,,,,
1265=,Caelon,1,,,,,,,
1265=,Cahal,1,,,,,,,
1265=,Caidan,1,,,,,,,
1265=,Caidhan,1,,,,,,,
1265=,Cailen,1,,,,,,,
1265=,Cailin,1,,,,,,,
1265=,Cainan,1,,,,,,,
1265=,Cairon,1,,,,,,,
1265=,Caison,1,,,,,,,
1265=,Caiyson,1,,,,,,,
1265=,Caladh,1,,,,,,,
1265=,Caledonia,1,,,,,,,
1265=,Calem,1,,,,,,,
1265=,Callo,1,,,,,,,
1265=,Callum-John,1,,,,,,,
1265=,Cally,1,,,,,,,
1265=,Callyn,1,,,,,,,
1265=,Calve,1,,,,,,,
1265=,Calvin-James,1,,,,,,,
1265=,Calvin-John,1,,,,,,,
1265=,Calyn,1,,,,,,,
1265=,Cam,1,,,,,,,
1265=,Cambell,1,,,,,,,
1265=,Camden,1,,,,,,,
1265=,Cameron-James,1,,,,,,,
1265=,Cami,1,,,,,,,
1265=,Camilo,1,,,,,,,
1265=,Carlin,1,,,,,,,
1265=,Carloe,1,,,,,,,
1265=,Carrick-John,1,,,,,,,
1265=,Carrson,1,,,,,,,
1265=,Carson-James,1,,,,,,,
1265=,Carson-Jay,1,,,,,,,
1265=,Carson-Lee,1,,,,,,,
1265=,Carsonlee,1,,,,,,,
1265=,Carsyn,1,,,,,,,
1265=,Carter-Layland,1,*,,,,,,
1265=,Carter-Ryan,1,,,,,,,
1265=,Carter-Scott,1,,,,,,,
1265=,Carti,1,,,,,,,
1265=,Casian,1,,,,,,,
1265=,Cason,1,,,,,,,
1265=,Caspian,1,,,,,,,
1265=,Cassian,1,,,,,,,
1265=,Cassius,1,,,,,,,
1265=,Cavalli,1,,,,,,,
1265=,Caylan,1,,,,,,,
1265=,Caylus,1,,,,,,,
1265=,Ceejay,1,,,,,,,
1265=,Cezary,1,,,,,,,
1265=,Chaitanya,1,,,,,,,
1265=,Chance,1,,,,,,,
1265=,Charlee,1,,,,,,,
1265=,Charles-Jason,1,,,,,,,
1265=,Charlie-George,1,,,,,,,
1265=,Charvik,1,,,,,,,
1265=,Chetachukwu,1,,,,,,,
1265=,Chima,1,,,,,,,
1265=,Chinedum,1,,,,,,,
1265=,Chip,1,,,,,,,
1265=,Chris,1,,,,,,,
1265=,Christopher-John,1,,,,,,,
1265=,Christopher-William,1,,,,,,,
1265=,Christophoros,1,,,,,,,
1265=,Christos-Ioannis,1,,,,,,,
1265=,Christy,1,,,,,,,
1265=,Chukwudi,1,,,,,,,
1265=,Chukwumka,1,,,,,,,
1265=,Chun,1,,,,,,,
1265=,Cianan,1,,,,,,,
1265=,Ciaren,1,,,,,,,
1265=,Cier,1,,,,,,,
1265=,Cilean-John,1,,,,,,,
1265=,Cillin,1,,,,,,,
1265=,Cilyan,1,,,,,,,
1265=,Ciro,1,,,,,,,
1265=,Ciurar,1,,,,,,,
1265=,Claiton,1,,,,,,,
1265=,Clay-Ty,1,,,,,,,
1265=,Cleevan,1,,,,,,,
1265=,Cleeve,1,,,,,,,
1265=,Coady,1,,,,,,,
1265=,Coah,1,,,,,,,
1265=,Coby-Lee,1,,,,,,,
1265=,Codeigh-James,1,,,,,,,
1265=,Codey,1,,,,,,,
1265=,Codie,1,,,,,,,
1265=,Cody-Ray,1,,,,,,,
1265=,Cohan,1,,,,,,,
1265=,Colin-James,1,,,,,,,
1265=,Colm,1,,,,,,,
1265=,Colman,1,,,,,,,
1265=,Colter,1,,,,,,,
1265=,Colton-James,1,,,,,,,
1265=,Coltynn,1,,,,,,,
1265=,Conalan,1,,,,,,,
1265=,Conar,1,,,,,,,
1265=,Conleth,1,,,,,,,
1265=,Connan,1,,,,,,,
1265=,Connar,1,,,,,,,
1265=,Connel,1,,,,,,,
1265=,Connellan,1,,,,,,,
1265=,Connolly,1,,,,,,,
1265=,Conrad,1,,,,,,,
1265=,Cooper-Gray,1,,,,,,,
1265=,Copelan,1,,,,,,,
1265=,Coplan,1,,,,,,,
1265=,Copland,1,,,,,,,
1265=,Coran,1,,,,,,,
1265=,Corban,1,,,,,,,
1265=,Corby,1,,,,,,,
1265=,Coren,1,,,,,,,
1265=,Corlie,1,,,,,,,
1265=,Corrado,1,,,,,,,
1265=,Corrie,1,,,,,,,
1265=,Corry,1,,,,,,,
1265=,Cosmo,1,,,,,,,
1265=,Coulter,1,,,,,,,
1265=,Couper,1,,,,,,,
1265=,Cove,1,,,,,,,
1265=,Creed,1,,,,,,,
1265=,Creeve,1,,,,,,,
1265=,Crewe,1,,,,,,,
1265=,Cristian,1,,,,,,,
1265=,Cristiano,1,,,,,,,
1265=,Cruin,1,,,,,,,
1265=,Cruiz,1,,,,,,,
1265=,Cuba,1,,,,,,,
1265=,Cuillin,1,,,,,,,
1265=,Cullen,1,,,,,,,
1265=,Cullen-John,1,,,,,,,
1265=,Cullin,1,,,,,,,
1265=,Czeslaw,1,,,,,,,
1265=,Daanish,1,,,,,,,
1265=,Daaruk,1,,,,,,,
1265=,Dacre,1,,,,,,,
1265=,Daemien,1,,,,,,,
1265=,Dagmawi,1,,,,,,,
1265=,Dahen,1,,,,,,,
1265=,Dailey,1,,,,,,,
1265=,Daire,1,,,,,,,
1265=,Dale,1,,,,,,,
1265=,Dalton-Jay,1,,,,,,,
1265=,Daly,1,,,,,,,
1265=,Damianos,1,,,,,,,
1265=,Dana,1,,,,,,,
1265=,Danbjorn,1,,,,,,,
1265=,Danial,1,,,,,,,
1265=,Daniel-John,1,,,,,,,
1265=,Danielotu,1,,,,,,,
1265=,Daniels,1,,,,,,,
1265=,Danil,1,,,,,,,
1265=,Danish,1,,,,,,,
1265=,Dante,1,,,,,,,
1265=,Danyal,1,,,,,,,
1265=,Danyar,1,,,,,,,
1265=,Danyl,1,,,,,,,
1265=,Daood,1,,,,,,,
1265=,Daoud,1,,,,,,,
1265=,Daragh,1,,,,,,,
1265=,Daren-Bill,1,,,,,,,
1265=,Darrell,1,,,,,,,
1265=,Darren-Junior,1,,,,,,,
1265=,Darry,1,,,,,,,
1265=,Darryl,1,,,,,,,
1265=,Darryl-Lee,1,,,,,,,
1265=,Darsh,1,,,,,,,
1265=,Darvin,1,,,,,,,
1265=,Darwin,1,,,,,,,
1265=,Daryan,1,,,,,,,
1265=,Daryn,1,,,,,,,
1265=,Daud,1,,,,,,,
1265=,Davi,1,,,,,,,
1265=,David-Matias,1,,,,,,,
1265=,David-Stefan,1,,,,,,,
1265=,David-Thomas,1,,,,,,,
1265=,Davids,1,,,,,,,
1265=,Davie-Zak,1,,,,,,,
1265=,Dawud,1,,,,,,,
1265=,Daylen,1,,,,,,,
1265=,Dayton,1,,,,,,,
1265=,Deagan,1,,,,,,,
1265=,Deakin,1,,,,,,,
1265=,Deakon,1,,,,,,,
1265=,Decoy,1,,,,,,,
1265=,Deegan,1,,,,,,,
1265=,Deen,1,,,,,,,
1265=,Deklan,1,,,,,,,
1265=,Deklyn,1,,,,,,,
1265=,Deko,1,,,,,,,
1265=,Dekotah,1,,,,,,,
1265=,Dele,1,*,,,,,,
1265=,Demba,1,,,,,,,
1265=,Demetri,1,,,,,,,
1265=,Demir,1,,,,,,,
1265=,Denik,1,,,,,,,
1265=,Denis,1,,,,,,,
1265=,Denni,1,,,,,,,
1265=,Dennis,1,,,,,,,
1265=,Denver,1,,,,,,,
1265=,Denver-Rai,1,,,,,,,
1265=,Dermot,1,,,,,,,
1265=,Derrick,1,,,,,,,
1265=,Deryn,1,,,,,,,
1265=,Devaansh,1,,,,,,,
1265=,Devansh,1,,,,,,,
1265=,Devlyn,1,,,,,,,
1265=,Devyn,1,,,,,,,
1265=,Dhairya,1,,,,,,,
1265=,Dharam,1,,,,,,,
1265=,Dheera,1,,,,,,,
1265=,Dhiyan,1,,,,,,,
1265=,Dhruv,1,,,,,,,
1265=,Dhruvaditya,1,,,,,,,
1265=,Dhruvan,1,,,,,,,
1265=,Dhruvansh,1,,,,,,,
1265=,Diako,1,,,,,,,
1265=,Didam,1,,,,,,,
1265=,Digby,1,,,,,,,
1265=,Dilanas,1,,,,,,,
1265=,Diljit,1,,,,,,,
1265=,Dillian,1,,,,,,,
1265=,Dimitar,1,,,,,,,
1265=,Dimitrios,1,,,,,,,
1265=,Dino,1,,,,,,,
1265=,Dio,1,,,,,,,
1265=,Dior,1,,,,,,,
1265=,Divine,1,,,,,,,
1265=,Diyan,1,,,,,,,
1265=,Djimon,1,,,,,,,
1265=,Domhnaic,1,,,,,,,
1265=,Domhnall,1,,,,,,,
1265=,Dominic-Alexandru,1,,,,,,,
1265=,Dominykas,1,,,,,,,
1265=,Donald-Junior,1,,,,,,,
1265=,Donchadh,1,,,,,,,
1265=,Dondoter,1,,,,,,,
1265=,Donnchadh,1,,,,,,,
1265=,Donovan,1,,,,,,,
1265=,Doski,1,,,,,,,
1265=,Douglas-John,1,,,,,,,
1265=,Dovydas,1,,,,,,,
1265=,Drake,1,,,,,,,
1265=,Drever,1,,,,,,,
1265=,Druvan,1,,,,,,,
1265=,Drydn,1,,,,,,,
1265=,Duncan-Alexander,1,,,,,,,
1265=,Dusty,1,,,,,,,
1265=,Dwayne,1,,,,,,,
1265=,Dylan-Jnr,1,,,,,,,
1265=,Eachainn,1,,,,,,,
1265=,Eamonn,1,,,,,,,
1265=,Ean,1,,,,,,,
1265=,Eason,1,,,,,,,
1265=,Eban,1,,,,,,,
1265=,Ebbe,1,,,,,,,
1265=,Ebben,1,,,,,,,
1265=,Ebrima,1,,,,,,,
1265=,Ebube,1,,,,,,,
1265=,Ebube-Chukwu,1,,,,,,,
1265=,Ebubechukwu,1,*,,,,,,
1265=,Edbert,1,,,,,,,
1265=,Eddiejoe,1,,,,,,,
1265=,Eddison,1,,,,,,,
1265=,Eddy,1,,,,,,,
1265=,Edgar,1,,,,,,,
1265=,Edirissa,1,,,,,,,
1265=,Ediz,1,,,,,,,
1265=,Edouard,1,,,,,,,
1265=,Eesah,1,,,,,,,
1265=,Eevan,1,,,,,,,
1265=,Ehab,1,,,,,,,
1265=,Ehsin,1,,,,,,,
1265=,Eideard,1,,,,,,,
1265=,Eiden,1,,,,,,,
1265=,Eighan,1,,,,,,,
1265=,Eilijah,1,,,,,,,
1265=,Einar,1,*,,,,,,
1265=,Ekam,1,,,,,,,
1265=,Ekamnoor,1,,,,,,,
1265=,Ekenedilichukwu,1,,,,,,,
1265=,Eldad,1,,,,,,,
1265=,Eldaras,1,,,,,,,
1265=,Eli-Archie,1,,,,,,,
1265=,Eliash,1,,,,,,,
1265=,Eliasz,1,,,,,,,
1265=,Eligh,1,,,,,,,
1265=,Elijah-Thomas,1,,,,,,,
1265=,Elijas,1,,,,,,,
1265=,Eliott,1,,,,,,,
1265=,Elisei,1,,,,,,,
1265=,Elisha,1,,,,,,,
1265=,Elliah,1,,,,,,,
1265=,Elliott-Andrew,1,,,,,,,
1265=,Ellis-Alexander,1,,,,,,,
1265=,Elnathan,1,,,,,,,
1265=,Eloim,1,,,,,,,
1265=,Elon,1,,,,,,,
1265=,Elrey,1,,,,,,,
1265=,Elroi,1,,,,,,,
1265=,Elwood,1,,,,,,,
1265=,Ely,1,,,,,,,
1265=,Emad,1,,,,,,,
1265=,Emanuel,1,,,,,,,
1265=,Emelie,1,,,,,,,
1265=,Emery,1,,,,,,,
1265=,Emiliano,1,,,,,,,
1265=,Enda,1,,,,,,,
1265=,Enea,1,,,,,,,
1265=,Ennis,1,,,,,,,
1265=,Enoch,1,,,,,,,
1265=,Enoch-Praise,1,,,,,,,
1265=,Enoh,1,,,,,,,
1265=,Enrique,1,,,,,,,
1265=,Eren,1,,,,,,,
1265=,Erhan,1,,,,,,,
1265=,Erick,1,,,,,,,
1265=,Erikas,1,,,,,,,
1265=,Erra,1,,,,,,,
1265=,Errikos,1,,,,,,,
1265=,Ertugrul,1,,,,,,,
1265=,Eryk,1,,,,,,,
1265=,Esaa,1,,,,,,,
1265=,Esomchukwu,1,,,,,,,
1265=,Esrom,1,,,,,,,
1265=,Esteban,1,,,,,,,
1265=,Ethan-Luke,1,,,,,,,
1265=,Evander,1,,,,,,,
1265=,Evans,1,,,,,,,
1265=,Evgeny,1,,,,,,,
1265=,Eyad,1,,,,,,,
1265=,Ezeek,1,,,,,,,
1265=,Ezra'banx,1,,,,,,,
1265=,Fahad,1,,,,,,,
1265=,Faheem,1,,,,,,,
1265=,Faiz,1,,,,,,,
1265=,Faizaan,1,,,,,,,
1265=,Faolan,1,,,,,,,
1265=,Fareed,1,,,,,,,
1265=,Farhal,1,,,,,,,
1265=,Farhan,1,,,,,,,
1265=,Faris,1,,,,,,,
1265=,Farrow,1,,,,,,,
1265=,Faruk,1,,,,,,,
1265=,Fawaz,1,,,,,,,
1265=,Feargus,1,,,,,,,
1265=,Felipe,1,,,,,,,
1265=,Fenton,1,,,,,,,
1265=,Ferenc,1,,,,,,,
1265=,Fereti,1,,,,,,,
1265=,Fergal,1,,,,,,,
1265=,Fergie,1,,,,,,,
1265=,Fernie,1,,,,,,,
1265=,Fesochukwu,1,,,,,,,
1265=,Fidelis,1,,,,,,,
1265=,Filipe,1,,,,,,,
1265=,Filippos,1,,,,,,,
1265=,Finch,1,,,,,,,
1265=,Finlo,1,,,,,,,
1265=,Finnick,1,,,,,,,
1265=,Finnin,1,,,,,,,
1265=,Fionnan,1,,,,,,,
1265=,Fionnlagh,1,,,,,,,
1265=,Firth,1,,,,,,,
1265=,Flint,1,,,,,,,
1265=,Florent,1,,,,,,,
1265=,Flyn,1,,,,,,,
1265=,Foster,1,,,,,,,
1265=,Fraai,1,*,,,,,,
1265=,Francis-Connor,1,,,,,,,
1265=,Franek,1,,,,,,,
1265=,Frankie-Lee,1,,,,,,,
1265=,Franklin,1,,,,,,,
1265=,Fraser-Junior,1,,,,,,,
1265=,Freddi,1,,,,,,,
1265=,Freddie-Alan,1,,,,,,,
1265=,Frederik,1,,,,,,,
1265=,Fredrick,1,,,,,,,
1265=,Furqan,1,,,,,,,
1265=,Fury,1,,,,,,,
1265=,Gaabriel,1,,,,,,,
1265=,Gafkara,1,,,,,,,
1265=,Galen,1,,,,,,,
1265=,Gamunu,1,,,,,,,
1265=,Garcia,1,,,,,,,
1265=,Garry,1,,,,,,,
1265=,Gaspar,1,,,,,,,
1265=,Gaurang,1,,,,,,,
1265=,Gazi,1,,,,,,,
1265=,Geo,1,,,,,,,
1265=,Geoffrey,1,,,,,,,
1265=,Ghassan,1,,,,,,,
1265=,Ghazi,1,,,,,,,
1265=,Ghulam,1,,,,,,,
1265=,Giacomo,1,,,,,,,
1265=,Gian,1,,,,,,,
1265=,Gianfrancesco,1,,,,,,,
1265=,Gianmarco,1,,,,,,,
1265=,Gibson,1,,,,,,,
1265=,Gillies,1,,,,,,,
1265=,Gillis,1,,,,,,,
1265=,Gilmar,1,,,,,,,
1265=,Gino,1,,,,,,,
1265=,Gio,1,,,,,,,
1265=,Gioele,1,,,,,,,
1265=,Giuliano,1,,,,,,,
1265=,Giuseppe,1,,,,,,,
1265=,Golam,1,,,,,,,
1265=,Grady,1,,,,,,,
1265=,Grae,1,,,,,,,
1265=,Graham,1,,,,,,,
1265=,Graison,1,,,,,,,
1265=,Graysen,1,,,,,,,
1265=,Grayson-Scott,1,,,,,,,
1265=,Great,1,,,,,,,
1265=,Greig,1,,,,,,,
1265=,Grey,1,,,,,,,
1265=,Greylan,1,,,,,,,
1265=,Greysen,1,,,,,,,
1265=,Griff,1,,,,,,,
1265=,Griffin,1,,,,,,,
1265=,Grigor,1,,,,,,,
1265=,Gryffin,1,,,,,,,
1265=,Gulsher,1,,,,,,,
1265=,Gurmukh,1,,,,,,,
1265=,Gursahib,1,,,,,,,
1265=,Gursajjan,1,,,,,,,
1265=,Gurshant,1,,,,,,,
1265=,Gustavs,1,,,,,,,
1265=,Guyan,1,,,,,,,
1265=,Gvidus,1,,,,,,,
1265=,Gyorgy,1,,,,,,,
1265=,Haadi,1,,,,,,,
1265=,Habeeb,1,,,,,,,
1265=,Hadleigh,1,,,,,,,
1265=,Hadley,1,,,,,,,
1265=,Hady,1,,,,,,,
1265=,Hafiz,1,,,,,,,
1265=,Haider-Ali,1,,,,,,,
1265=,Haidyn,1,,,,,,,
1265=,Haimadou,1,,,,,,,
1265=,Hakeem,1,,,,,,,
1265=,Haldane,1,,,,,,,
1265=,Halden,1,,,,,,,
1265=,Hallie,1,,,,,,,
1265=,Hamad,1,,,,,,,
1265=,Hamdaan,1,,,,,,,
1265=,Hamdan,1,,,,,,,
1265=,Hamid,1,,,,,,,
1265=,Hamish-John,1,,,,,,,
1265=,Hammad,1,,,,,,,
1265=,Hamzah,1,,,,,,,
1265=,Haniel,1,,,,,,,
1265=,Hannan,1,,,,,,,
1265=,Hanon,1,,,,,,,
1265=,Hansen-James,1,,,,,,,
1265=,Hanzala,1,,,,,,,
1265=,Harald,1,,,,,,,
1265=,Haralds,1,,,,,,,
1265=,Harcus,1,,,,,,,
1265=,Hari,1,,,,,,,
1265=,Harib,1,,,,,,,
1265=,Haris-Leo,1,,,,,,,
1265=,Harleigh,1,,,,,,,
1265=,Harley-Leigh,1,,,,,,,
1265=,Harmandeep,1,,,,,,,
1265=,Harnoor,1,,,,,,,
1265=,Harper-Jaxx,1,,,,,,,
1265=,Harrison-James,1,,,,,,,
1265=,Harrold,1,,,,,,,
1265=,Harry-James,1,,,,,,,
1265=,Harshiv,1,,,,,,,
1265=,Hart,1,,,,,,,
1265=,Harun,1,,,,,,,
1265=,Harvey-King,1,,,,,,,
1265=,Harvir,1,,,,,,,
1265=,Hasan,1,,,,,,,
1265=,Haseeb,1,,,,,,,
1265=,Hashvith,1,,,,,,,
1265=,Hasim,1,,,,,,,
1265=,Hattan,1,,,,,,,
1265=,Havelock,1,,,,,,,
1265=,Hayder,1,,,,,,,
1265=,Hayes,1,,,,,,,
1265=,Haytham,1,,,,,,,
1265=,Hektor,1,,,,,,,
1265=,Henderson,1,,,,,,,
1265=,Hendrik,1,,,,,,,
1265=,Henrie,1,,,,,,,
1265=,Henrik,1,,,,,,,
1265=,Henry-Duane,1,,,,,,,
1265=,Herbie,1,,,,,,,
1265=,Heru,1,,,,,,,
1265=,Hesham,1,,,,,,,
1265=,Hilton,1,,,,,,,
1265=,Himal,1,,,,,,,
1265=,Hjalti,1,,,,,,,
1265=,Holden,1,,,,,,,
1265=,Horacy,1,,,,,,,
1265=,Horam,1,,,,,,,
1265=,Hoshang,1,,,,,,,
1265=,Hossien,1,,,,,,,
1265=,Howie,1,,,,,,,
1265=,Hridhaan,1,,,,,,,
1265=,Huey,1,,,,,,,
1265=,Humdan,1,,,,,,,
1265=,Humzah,1,,,,,,,
1265=,Hunain,1,,,,,,,
1265=,Hunter-Cayde,1,,,,,,,
1265=,Hunter-Grey,1,,,,,,,
1265=,Hunter-Leigh,1,,,,,,,
1265=,Hunter-Michael,1,,,,,,,
1265=,Hunter-Santino,1,,,,,,,
1265=,Huntleigh,1,,,,,,,
1265=,Husem,1,,,,,,,
1265=,Hussain,1,,,,,,,
1265=,Hussein,1,,,,,,,
1265=,Hussin,1,,,,,,,
1265=,Hussnain,1,,,,,,,
1265=,Hussun,1,,,,,,,
1265=,Huud,1,,,,,,,
1265=,Huxley-Ross,1,,,,,,,
1265=,Huzair,1,,,,,,,
1265=,Hywel,1,,,,,,,
1265=,Iacob,1,,,,,,,
1265=,Ianis,1,,,,,,,
1265=,Iannis,1,,,,,,,
1265=,Iasonas,1,,,,,,,
1265=,Ibad-Ur-Rehman,1,,,,,,,
1265=,Ibai,1,,,,,,,
1265=,Idrees,1,,,,,,,
1265=,Idriss,1,,,,,,,
1265=,Ieuan,1,,,,,,,
1265=,Iftu,1,,,,,,,
1265=,Ignatius,1,,,,,,,
1265=,Ihsaan,1,,,,,,,
1265=,Ikam,1,,,,,,,
1265=,Ikenna,1,,,,,,,
1265=,Ikraam,1,,,,,,,
1265=,Ilya,1,,,,,,,
1265=,Ilyaas,1,,,,,,,
1265=,Ilyas,1,,,,,,,
1265=,Ilyes,1,,,,,,,
1265=,Imrie,1,,,,,,,
1265=,Inaayat,1,,,,,,,
1265=,Indiana,1,,,,,,,
1265=,Indigo,1,,,,,,,
1265=,Ioan-Florin,1,,,,,,,
1265=,Ioannis,1,,,,,,,
1265=,Iomhar,1,,,,,,,
1265=,Ionatan,1,,,,,,,
1265=,Iosif,1,,,,,,,
1265=,Iosua,1,,,,,,,
1265=,Iremide,1,,,,,,,
1265=,Iroh,1,,,,,,,
1265=,Irtaza,1,,,,,,,
1265=,Irvine,1,,,,,,,
1265=,Isaak,1,,,,,,,
1265=,Isac,1,,,,,,,
1265=,Isai,1,,,,,,,
1265=,Isambard,1,,,,,,,
1265=,Ishank,1,,,,,,,
1265=,Ishmael,1,,,,,,,
1265=,Iskandar,1,,,,,,,
1265=,Iustin,1,,,,,,,
1265=,Ivaylo,1,,,,,,,
1265=,Ivein,1,,,,,,,
1265=,Iwo,1,,,,,,,
1265=,Iyaad,1,,,,,,,
1265=,Izaak,1,,,,,,,
1265=,Izhaan,1,,,,,,,
1265=,Izyan,1,,,,,,,
1265=,Jabran,1,,,,,,,
1265=,Jacek,1,,,,,,,
1265=,Jackson-John,1,,,,,,,
1265=,Jacob-Jackson,1,,,,,,,
1265=,Jacob-James,1,,,,,,,
1265=,Jacob-Scott,1,,,,,,,
1265=,Jacoh,1,,,,,,,
1265=,Jacopo,1,,,,,,,
1265=,Jader,1,,,,,,,
1265=,Jadon,1,,,,,,,
1265=,Jadon-James,1,,,,,,,
1265=,Jador,1,,,,,,,
1265=,Jai,1,,,,,,,
1265=,Jak,1,,,,,,,
1265=,Jake-Joe,1,,,,,,,
1265=,Jamal,1,,,,,,,
1265=,James-Wallace,1,,,,,,,
1265=,James-William,1,,,,,,,
1265=,Jamie-Michael,1,,,,,,,
1265=,Jamiie,1,,,,,,,
1265=,Jamil,1,,,,,,,
1265=,Jamison,1,,,,,,,
1265=,Jano,1,,,,,,,
1265=,Japveer,1,,,,,,,
1265=,Jaqub,1,,,,,,,
1265=,Jareer,1,,,,,,,
1265=,Jarno,1,,,,,,,
1265=,Jaro,1,,,,,,,
1265=,Jasim,1,,,,,,,
1265=,Jaskirat,1,,,,,,,
1265=,Jasser,1,,,,,,,
1265=,Jasvin,1,,,,,,,
1265=,Jaswanth,1,,,,,,,
1265=,Jathniel,1,,,,,,,
1265=,Jawad,1,,,,,,,
1265=,Jaxson-Cree,1,,,,,,,
1265=,Jaxxson,1,,,,,,,
1265=,Jaxyn,1,,,,,,,
1265=,Jaycen,1,,,,,,,
1265=,Jaydin,1,,,,,,,
1265=,Jaydon,1,,,,,,,
1265=,Jaye,1,,,,,,,
1265=,Jayhan,1,,,,,,,
1265=,Jaylin,1,,,,,,,
1265=,Jaze,1,,,,,,,
1265=,Jed,1,,,,,,,
1265=,Jedd,1,,,,,,,
1265=,Jedidiah,1,,,,,,,
1265=,Jeevan,1,,,,,,,
1265=,Jeffery,1,,,,,,,
1265=,Jensyn,1,,,,,,,
1265=,Jeremiah,1,,,,,,,
1265=,Jerzy,1,,,,,,,
1265=,Jeshurun,1,,,,,,,
1265=,Jett-James,1,,,,,,,
1265=,Jibreel,1,,,,,,,
1265=,Jibril,1,,,,,,,
1265=,Jie,1,,,,,,,
1265=,Jim,1,,,,,,,
1265=,Jimmie,1,,,,,,,
1265=,Jishaan,1,,,,,,,
1265=,Jockie,1,,,,,,,
1265=,Joey-James,1,,,,,,,
1265=,John-Jackson,1,,,,,,,
1265=,John-Joseph,1,,,,,,,
1265=,John-Patrick,1,,,,,,,
1265=,John-Phoenix,1,,,,,,,
1265=,John-Robert,1,,,,,,,
1265=,John-Scott,1,,,,,,,
1265=,Johnie,1,,,,,,,
1265=,Johnnie,1,,,,,,,
1265=,Johnson,1,,,,,,,
1265=,Johnston,1,,,,,,,
1265=,Jolyon,1,,,,,,,
1265=,Jon,1,,,,,,,
1265=,Jona,1,,,,,,,
1265=,Jonjoe,1,,,,,,,
1265=,Jonni,1,,,,,,,
1265=,Jonnie,1,,,,,,,
1265=,Jonny-Junior,1,,,,,,,
1265=,Jonty,1,,,,,,,
1265=,Jools,1,,,,,,,
1265=,Jorawar,1,,,,,,,
1265=,Jordan-Myles,1,,,,,,,
1265=,Jordi,1,,,,,,,
1265=,Jordy,1,,,,,,,
1265=,Joris,1,,,,,,,
1265=,Josef,1,,,,,,,
1265=,Joseph-Jordan,1,,,,,,,
1265=,Josh-Jorge,1,,,,,,,
1265=,Joshua-Ioan,1,,,,,,,
1265=,Josua,1,,,,,,,
1265=,Jovan,1,,,,,,,
1265=,Juan,1,,,,,,,
1265=,Jude-Martin,1,,,,,,,
1265=,Julen,1,,,,,,,
1265=,Junaid,1,,,,,,,
1265=,Juno,1,,,,,,,
1265=,Jura,1,,,,,,,
1265=,Justice-Quentin,1,,,,,,,
1265=,Kaami,1,,,,,,,
1265=,Kaan,1,,,,,,,
1265=,Kacen,1,,,,,,,
1265=,Kadeyn,1,,,,,,,
1265=,Kaedyn,1,,,,,,,
1265=,Kaelin,1,,,,,,,
1265=,Kaelon,1,,,,,,,
1265=,Kaesen,1,,,,,,,
1265=,Kaeson,1,,,,,,,
1265=,Kaiben,1,,,,,,,
1265=,Kaiden-Jay,1,,,,,,,
1265=,Kaidyn,1,,,,,,,
1265=,Kain,1,,,,,,,
1265=,Kainan,1,,,,,,,
1265=,Kairimui,1,,,,,,,
1265=,Kaius,1,,,,,,,
1265=,Kaiyan,1,,,,,,,
1265=,Kaiyan-Izahdeen,1,,,,,,,
1265=,Kajetan,1,,,,,,,
1265=,Kal-El,1,,,,,,,
1265=,Kaleel,1,,,,,,,
1265=,Kali,1,,,,,,,
1265=,Kalin,1,,,,,,,
1265=,Kallan,1,,,,,,,
1265=,Kallikrates,1,,,,,,,
1265=,Kallum,1,,,,,,,
1265=,Kaloyan,1,,,,,,,
1265=,Kalpit,1,,,,,,,
1265=,Kamal,1,,,,,,,
1265=,Kamalveer,1,,,,,,,
1265=,Kamiar,1,,,,,,,
1265=,Kamran,1,,,,,,,
1265=,Kandon,1,,,,,,,
1265=,Kaobichimdi,1,,,,,,,
1265=,Karim,1,,,,,,,
1265=,Karl-Magnus,1,,,,,,,
1265=,Karlo,1,,,,,,,
1265=,Karson-Lee,1,,,,,,,
1265=,Karsson,1,,,,,,,
1265=,Karter-John,1,,,,,,,
1265=,Karter-Wylie,1,,,,,,,
1265=,Kartik,1,,,,,,,
1265=,Kashif,1,,,,,,,
1265=,Kasim,1,,,,,,,
1265=,Kassaiyah,1,,,,,,,
1265=,Kassidy,1,*,,,,,,
1265=,Kassy,1,,,,,,,
1265=,Kaven,1,,,,,,,
1265=,Kawan,1,,,,,,,
1265=,Kay,1,,,,,,,
1265=,Kaycen,1,,,,,,,
1265=,Kaydan,1,,,,,,,
1265=,Kayde,1,,,,,,,
1265=,Kayden-Louis,1,,,,,,,
1265=,Kayetan,1,,,,,,,
1265=,Kaylan,1,,,,,,,
1265=,Kaylann,1,,,,,,,
1265=,Kaylin,1,,,,,,,
1265=,Kaynan,1,,,,,,,
1265=,Kayron,1,,,,,,,
1265=,Kaysan,1,,,,,,,
1265=,Kazem,1,,,,,,,
1265=,Kazimierz,1,,,,,,,
1265=,Kealan,1,,,,,,,
1265=,Kealen,1,,,,,,,
1265=,Kean,1,,,,,,,
1265=,Keatin,1,,,,,,,
1265=,Keelan,1,,,,,,,
1265=,Keilen,1,,,,,,,
1265=,Keilor,1,,,,,,,
1265=,Kelbie,1,,,,,,,
1265=,Kelby,1,,,,,,,
1265=,Kelechi,1,,,,,,,
1265=,Kell,1,,,,,,,
1265=,Kellan,1,,,,,,,
1265=,Kelly,1,,,,,,,
1265=,Kelso,1,,,,,,,
1265=,Kelson,1,,,,,,,
1265=,Kelvin-Justin,1,,,,,,,
1265=,Kenan,1,,,,,,,
1265=,Kendrick,1,,,,,,,
1265=,Kenit,1,,,,,,,
1265=,Kennedy,1,,,,,,,
1265=,Kenzie-Jay,1,,,,,,,
1265=,Kenzii,1,,,,,,,
1265=,Kester,1,,,,,,,
1265=,Kevinas,1,,,,,,,
1265=,Keyaan,1,,,,,,,
1265=,Keyan,1,,,,,,,
1265=,Keyur,1,,,,,,,
1265=,Khaled,1,,,,,,,
1265=,Khalil,1,,,,,,,
1265=,Khalilurrahman,1,,,,,,,
1265=,Khalson,1,,,,,,,
1265=,Khayalethu,1,,,,,,,
1265=,Khizar,1,,,,,,,
1265=,Khobei,1,,,,,,,
1265=,Khody,1,,,,,,,
1265=,Khuram,1,,,,,,,
1265=,Khuzaima,1,,,,,,,
1265=,Khyran,1,,,,,,,
1265=,Killian-James,1,,,,,,,
1265=,Kinan,1,,,,,,,
1265=,King,1,,,,,,,
1265=,Kingstyn,1,,,,,,,
1265=,Kion,1,,,,,,,
1265=,Kirk,1,,,,,,,
1265=,Kirran,1,,,,,,,
1265=,Kivali,1,,,,,,,
1265=,Kiyaan,1,,,,,,,
1265=,Klai,1,,,,,,,
1265=,Klay-James,1,,,,,,,
1265=,Koan,1,,,,,,,
1265=,Kobe-Jaxson,1,,,,,,,
1265=,Kobe-Rae,1,,,,,,,
1265=,Kobimtochukwu,1,,,,,,,
1265=,Kobylee,1,,,,,,,
1265=,Kobyn,1,,,,,,,
1265=,Koda,1,,,,,,,
1265=,Kodie,1,,,,,,,
1265=,Kodyn,1,,,,,,,
1265=,Koebyn,1,,,,,,,
1265=,Kofi,1,,,,,,,
1265=,Kohan,1,,,,,,,
1265=,Kolbey,1,,,,,,,
1265=,Kolesyn,1,,,,,,,
1265=,Kolt,1,,,,,,,
1265=,Konner,1,,,,,,,
1265=,Konnor,1,,,,,,,
1265=,Konrad,1,,,,,,,
1265=,Konstantinas,1,,,,,,,
1265=,Korbyn,1,,,,,,,
1265=,Korri,1,,,,,,,
1265=,Kory-Lee,1,,,,,,,
1265=,Kosisochi,1,,,,,,,
1265=,Kosma,1,,,,,,,
1265=,Kovah,1,,,,,,,
1265=,Kove,1,,,,,,,
1265=,Krae,1,,,,,,,
1265=,Krasimir,1,,,,,,,
1265=,Kray,1,,,,,,,
1265=,Kreed,1,,,,,,,
1265=,Kris,1,,,,,,,
1265=,Krish,1,,,,,,,
1265=,Krishan,1,,,,,,,
1265=,Krishiv,1,,,,,,,
1265=,Kristofer,1,,,,,,,
1265=,Kristopher,1,,,,,,,
1265=,Kroi,1,,,,,,,
1265=,Krue,1,,,,,,,
1265=,Kruz,1,,,,,,,
1265=,Krystian,1,,,,,,,
1265=,Ksawery,1,,,,,,,
1265=,Kumail,1,,,,,,,
1265=,Kurts,1,,,,,,,
1265=,Kuzey,1,,,,,,,
1265=,Kwabena,1,,,,,,,
1265=,Kwame,1,,,,,,,
1265=,Kyal,1,,,,,,,
1265=,Kylor,1,,,,,,,
1265=,Kyonn,1,,,,,,,
1265=,Kyril,1,,,,,,,
1265=,Kyro-Cruz,1,,,,,,,
1265=,Kyrus,1,,,,,,,
1265=,Kyver,1,,,,,,,
1265=,Lacatos,1,,,,,,,
1265=,Lachie,1,,,,,,,
1265=,Lachlyn,1,,,,,,,
1265=,Laikle,1,,,,,,,
1265=,Laird,1,,,,,,,
1265=,Laiton,1,,,,,,,
1265=,Lakneesh,1,,,,,,,
1265=,Landin,1,,,,,,,
1265=,Landon,1,,,,,,,
1265=,Landry,1,,,,,,,
1265=,Laszlo,1,,,,,,,
1265=,Lathaniel,1,,,,,,,
1265=,Lauchie,1,,,,,,,
1265=,Lauchlen,1,,,,,,,
1265=,Lauchlin,1,,,,,,,
1265=,Laughlan,1,,,,,,,
1265=,Lawan,1,,,,,,,
1265=,Lawand,1,,,,,,,
1265=,Lawey,1,,,,,,,
1265=,Lawk,1,,,,,,,
1265=,Lawson-Alexander,1,,,,,,,
1265=,Layden,1,,,,,,,
1265=,Laylen,1,,,,,,,
1265=,Layne,1,,,,,,,
1265=,Layo,1,,,,,,,
1265=,Layson,1,,,,,,,
1265=,Layten,1,,,,,,,
1265=,Leander,1,,,,,,,
1265=,Leandro,1,,,,,,,
1265=,Leandros,1,,,,,,,
1265=,Lear,1,,,,,,,
1265=,Leban,1,,,,,,,
1265=,Leeland,1,,,,,,,
1265=,Legend,1,,,,,,,
1265=,Lei-Jai,1,,,,,,,
1265=,Lenard,1,,,,,,,
1265=,Leni,1,,,,,,,
1265=,Lenn,1,,,,,,,
1265=,Lenniee,1,,,,,,,
1265=,Lennix,1,,,,,,,
1265=,Lennon-James,1,,,,,,,
1265=,Lenon,1,,,,,,,
1265=,Lenox,1,,,,,,,
1265=,Leo-Andre,1,,,,,,,
1265=,Leo-David,1,,,,,,,
1265=,Leo-James,1,,,,,,,
1265=,Leo-Logan,1,,,,,,,
1265=,Leo-Michael,1,,,,,,,
1265=,Leo-Scott,1,,,,,,,
1265=,Leon-John,1,,,,,,,
1265=,Leonel,1,,,,,,,
1265=,Leonid,1,,,,,,,
1265=,Levai,1,,,,,,,
1265=,Levi-John,1,,,,,,,
1265=,Levi-O'connor,1,,,,,,,
1265=,Levi-Scott,1,,,,,,,
1265=,Leviathan,1,,,,,,,
1265=,Lewi,1,,,,,,,
1265=,Liall,1,,,,,,,
1265=,Liam-Elijah,1,,,,,,,
1265=,Liam-James,1,,,,,,,
1265=,Liam-Ross,1,,,,,,,
1265=,Lilo,1,,,,,,,
1265=,Lincon,1,,,,,,,
1265=,Linden,1,,,,,,,
1265=,Lingyi,1,,,,,,,
1265=,Linkin,1,,,,,,,
1265=,Linstrum,1,,,,,,,
1265=,Linton-Ray,1,,,,,,,
1265=,Liston-Blue,1,,,,,,,
1265=,Livian,1,,,,,,,
1265=,Lj,1,,,,,,,
1265=,Lluc,1,,,,,,,
1265=,Llyndon,1,,,,,,,
1265=,Lochay,1,,,,,,,
1265=,Lochlainn,1,,,,,,,
1265=,Lochlan-Jae,1,,,,,,,
1265=,Lochlan-Joseph,1,,,,,,,
1265=,Lochlyn,1,,,,,,,
1265=,Lochy,1,,,,,,,
1265=,Locryn,1,,,,,,,
1265=,Logan-Joseph,1,,,,,,,
1265=,Lohan,1,,,,,,,
1265=,Loki-Lee,1,,,,,,,
1265=,Loklan,1,,,,,,,
1265=,Lokshith,1,,,,,,,
1265=,Londyn,1,,,,,,,
1265=,Loreni,1,,,,,,,
1265=,Lorenzo-Moon,1,,,,,,,
1265=,Lorenzzo,1,,,,,,,
1265=,Losseni,1,,,,,,,
1265=,Loughlin,1,,,,,,,
1265=,Louie-Jai,1,,,,,,,
1265=,Loukas,1,,,,,,,
1265=,Lourenco,1,,,,,,,
1265=,Loxton,1,,,,,,,
1265=,Luan,1,,,,,,,
1265=,Luay,1,,,,,,,
1265=,Luca-Bleu,1,,,,,,,
1265=,Luca-James,1,,,,,,,
1265=,Luca-Patrick,1,,,,,,,
1265=,Lucas-Arlo,1,,,,,,,
1265=,Lucjusz,1,,,,,,,
1265=,Ludo,1,,,,,,,
1265=,Lughaidh,1,,,,,,,
1265=,Lui,1,,,,,,,
1265=,Lukah,1,,,,,,,
1265=,Lukah-Andrew,1,,,,,,,
1265=,Lukus,1,,,,,,,
1265=,Luqman,1,,,,,,,
1265=,Lusan,1,,,,,,,
1265=,Lusungu,1,,,,,,,
1265=,Luthor,1,,,,,,,
1265=,Luuk,1,,,,,,,
1265=,Lux,1,,,,,,,
1265=,Lylan,1,,,,,,,
1265=,Lynch,1,,,,,,,
1265=,Lysander,1,,,,,,,
1265=,Maanav,1,,,,,,,
1265=,Maarif,1,,,,,,,
1265=,Macarthur,1,,,,,,,
1265=,Maceo,1,,,,,,,
1265=,Maciej,1,,,,,,,
1265=,Mackie,1,,,,,,,
1265=,Macklin,1,,,,,,,
1265=,Maclan,1,,,,,,,
1265=,Madden,1,,,,,,,
1265=,Madhavan,1,,,,,,,
1265=,Maeson,1,,,,,,,
1265=,Maghnus,1,,,,,,,
1265=,Magnes,1,,,,,,,
1265=,Magnie,1,,,,,,,
1265=,Mahir,1,,,,,,,
1265=,Mahmoud,1,,,,,,,
1265=,Mahour,1,,,,,,,
1265=,Majeed,1,,,,,,,
1265=,Mak,1,,,,,,,
1265=,Makai,1,,,,,,,
1265=,Maksim,1,,,,,,,
1265=,Maksims,1,,,,,,,
1265=,Makura,1,,,,,,,
1265=,Malakai-Jason,1,,,,,,,
1265=,Malang,1,,,,,,,
1265=,Malaruma,1,,,,,,,
1265=,Malaz,1,,,,,,,
1265=,Malcom,1,,,,,,,
1265=,Malek,1,,,,,,,
1265=,Mali,1,,,,,,,
1265=,Malikye,1,,,,,,,
1265=,Malin,1,,,,,,,
1265=,Manas,1,,,,,,,
1265=,Mani,1,,,,,,,
1265=,Manith,1,,,,,,,
1265=,Mannix,1,,,,,,,
1265=,Manraj,1,,,,,,,
1265=,Mantas,1,,,,,,,
1265=,Manuel,1,,,,,,,
1265=,Manus,1,,,,,,,
1265=,Manveer,1,,,,,,,
1265=,Marcelo,1,,,,,,,
1265=,Marco-Aryan,1,,,,,,,
1265=,Marek,1,,,,,,,
1265=,Mariwan,1,,,,,,,
1265=,Marizuk,1,,,,,,,
1265=,Markas,1,,,,,,,
1265=,Marley-Jay,1,,,,,,,
1265=,Marlo,1,,,,,,,
1265=,Maro,1,,,,,,,
1265=,Marric,1,,,,,,,
1265=,Marsel,1,,,,,,,
1265=,Martello,1,,,,,,,
1265=,Martim,1,,,,,,,
1265=,Masen,1,,,,,,,
1265=,Mashaal,1,,,,,,,
1265=,Masin,1,,,,,,,
1265=,Mason-Josh,1,,,,,,,
1265=,Mason-Lee,1,,,,,,,
1265=,Mason-Levi,1,,,,,,,
1265=,Mason-Lewis,1,,,,,,,
1265=,Massin,1,,,,,,,
1265=,Massinissa,1,,,,,,,
1265=,Mathew,1,,,,,,,
1265=,Matiewos,1,,,,,,,
1265=,Mattew,1,,,,,,,
1265=,Matthew-Alexander,1,,,,,,,
1265=,Mattias,1,,,,,,,
1265=,Mattie,1,,,,,,,
1265=,Matty,1,,,,,,,
1265=,Matus,1,,,,,,,
1265=,Mauro,1,,,,,,,
1265=,Maurya,1,,,,,,,
1265=,Maxi,1,,,,,,,
1265=,Maxime,1,,,,,,,
1265=,Maximo,1,,,,,,,
1265=,Maxx,1,,,,,,,
1265=,Mazen,1,,,,,,,
1265=,Mcaulay,1,,,,,,,
1265=,Mccoy,1,,,,,,,
1265=,Mckay,1,,,,,,,
1265=,Md,1,,,,,,,
1265=,Medalion,1,,,,,,,
1265=,Meer,1,,,,,,,
1265=,Mehmet,1,,,,,,,
1265=,Mehran,1,,,,,,,
1265=,Mehtaab,1,,,,,,,
1265=,Mehzad,1,,,,,,,
1265=,Mekhai,1,,,,,,,
1265=,Melih,1,,,,,,,
1265=,Melvin,1,,,,,,,
1265=,Methilesh,1,,,,,,,
1265=,Mevin,1,,,,,,,
1265=,Mian,1,,,,,,,
1265=,Micaiahs,1,,,,,,,
1265=,Michail,1,,,,,,,
1265=,Michail-Jaymz,1,,,,,,,
1265=,Michalis,1,,,,,,,
1265=,Michele,1,,,,,,,
1265=,Micky,1,,,,,,,
1265=,Mieszko,1,,,,,,,
1265=,Mihai,1,,,,,,,
1265=,Mikaeel,1,,,,,,,
1265=,Mikal,1,,,,,,,
1265=,Mikiyas,1,,,,,,,
1265=,Mikko,1,,,,,,,
1265=,Mikyle,1,,,,,,,
1265=,Milos,1,,,,,,,
1265=,Milosz,1,,,,,,,
1265=,Mina,1,,,,,,,
1265=,Miray,1,,,,,,,
1265=,Mirembe,1,*,,,,,,
1265=,Miro,1,,,,,,,
1265=,Mirza,1,,,,,,,
1265=,Mitansh,1,,,,,,,
1265=,Mithat,1,,,,,,,
1265=,Mo,1,,,,,,,
1265=,Moaad,1,,,,,,,
1265=,Moad,1,,,,,,,
1265=,Moaid,1,,,,,,,
1265=,Modou,1,,,,,,,
1265=,Mofiyinfoluwa,1,,,,,,,
1265=,Mohak,1,,,,,,,
1265=,Mohayad,1,,,,,,,
1265=,Moise,1,,,,,,,
1265=,Moiz,1,,,,,,,
1265=,Momen,1,,,,,,,
1265=,Momodou,1,,,,,,,
1265=,Monib,1,,,,,,,
1265=,Monty,1,,,,,,,
1265=,Morad,1,,,,,,,
1265=,Moray,1,,,,,,,
1265=,Morpheus,1,,,,,,,
1265=,Morris,1,,,,,,,
1265=,Mosaab,1,,,,,,,
1265=,Mosie,1,,,,,,,
1265=,Mosisa,1,,,,,,,
1265=,Mostafa,1,,,,,,,
1265=,Mouhammad,1,,,,,,,
1265=,Mounjid,1,,,,,,,
1265=,Mthabisi,1,,,,,,,
1265=,Muaz,1,,,,,,,
1265=,Mubashir,1,,,,,,,
1265=,Mueed,1,,,,,,,
1265=,Muhamadu,1,,,,,,,
1265=,Muhammad-Affan,1,,,,,,,
1265=,Muhammad-Ali,1,,,,,,,
1265=,Muhammad-Ayaan,1,,,,,,,
1265=,Muhammad-Faizan,1,,,,,,,
1265=,Muhammad-Haad,1,,,,,,,
1265=,Muhammad-Yusuf,1,,,,,,,
1265=,Muhammed-Adam,1,,,,,,,
1265=,Muhaned,1,,,,,,,
1265=,Muhaymin,1,,,,,,,
1265=,Muhsin,1,,,,,,,
1265=,Muir,1,,,,,,,
1265=,Munashe,1,,,,,,,
1265=,Muqim,1,,,,,,,
1265=,Muri,1,,,,,,,
1265=,Murraigh,1,,,,,,,
1265=,Mus'ab,1,,,,,,,
1265=,Mush'ab,1,,,,,,,
1265=,Musie,1,,,,,,,
1265=,Mycah,1,,,,,,,
1265=,Myers,1,,,,,,,
1265=,Myron,1,,,,,,,
1265=,Nadar,1,,,,,,,
1265=,Naithan,1,,,,,,,
1265=,Naiyan,1,,,,,,,
1265=,Nakoah-Knox,1,,,,,,,
1265=,Naksh,1,,,,,,,
1265=,Nalan,1,,,,,,,
1265=,Naphtali,1,,,,,,,
1265=,Naqeeb,1,,,,,,,
1265=,Nasario,1,,,,,,,
1265=,Nash,1,,,,,,,
1265=,Nasser,1,,,,,,,
1265=,Natalino,1,,,,,,,
1265=,Nataniel,1,,,,,,,
1265=,Nathanael,1,,,,,,,
1265=,Natoniel,1,,,,,,,
1265=,Nauraiz,1,,,,,,,
1265=,Naveen,1,,,,,,,
1265=,Nayel,1,,,,,,,
1265=,Necatin,1,,,,,,,
1265=,Neel,1,,,,,,,
1265=,Nehan,1,,,,,,,
1265=,Nehansh,1,,,,,,,
1265=,Neitas,1,,,,,,,
1265=,Neoklis,1,,,,,,,
1265=,Neon,1,,,,,,,
1265=,Nero,1,,,,,,,
1265=,Nevansh,1,,,,,,,
1265=,Nevis,1,,,,,,,
1265=,Neyansh,1,,,,,,,
1265=,Niam,1,,,,,,,
1265=,Niaz,1,,,,,,,
1265=,Nicholas-Edward,1,,,,,,,
1265=,Nickolas,1,,,,,,,
1265=,Nicodem,1,,,,,,,
1265=,Nicol,1,,,,,,,
1265=,Nicolai,1,,,,,,,
1265=,Nikhil,1,,,,,,,
1265=,Niklaus,1,,,,,,,
1265=,Nikola,1,,,,,,,
1265=,Nikolaos,1,,,,,,,
1265=,Nikos,1,,,,,,,
1265=,Nimrod,1,,,,,,,
1265=,Nirvit,1,,,,,,,
1265=,Nixon,1,,,,,,,
1265=,Nixuan,1,,,,,,,
1265=,Nnanyelugo,1,,,,,,,
1265=,Noah-Flynn,1,,,,,,,
1265=,Noah-Jack,1,,,,,,,
1265=,Noah-James,1,,,,,,,
1265=,Noah-John,1,,,,,,,
1265=,Noah-Thembizane,1,,,,,,,
1265=,Noi,1,,,,,,,
1265=,Nojus,1,,,,,,,
1265=,Nolen,1,,,,,,,
1265=,Nolyn,1,,,,,,,
1265=,Nori,1,,,,,,,
1265=,Norie,1,,,,,,,
1265=,Norri,1,,,,,,,
1265=,Norton,1,,,,,,,
1265=,Novah,1,,,,,,,
1265=,Nurullah,1,,,,,,,
1265=,Nutu,1,,,,,,,
1265=,Nyah,1,,,,,,,
1265=,Nyall,1,,,,,,,
1265=,Nyameye,1,,,,,,,
1265=,Nye,1,,,,,,,
1265=,Nyle,1,,,,,,,
1265=,O'dell,1,,,,,,,
1265=,Oaklei,1,,,,,,,
1265=,Oakleigh,1,,,,,,,
1265=,Oaklynd,1,,,,,,,
1265=,Obada,1,,,,,,,
1265=,Obadiah,1,,,,,,,
1265=,Obaseyori,1,,,,,,,
1265=,Obinna,1,,,,,,,
1265=,Obinnaya,1,,,,,,,
1265=,Obrempong,1,,,,,,,
1265=,Ocean,1,,,,,,,
1265=,Oden,1,,,,,,,
1265=,Odinn,1,,,,,,,
1265=,Odson,1,,,,,,,
1265=,Odyn,1,,,,,,,
1265=,Ognyan,1,,,,,,,
1265=,Oihan,1,,,,,,,
1265=,Oisean,1,,,,,,,
1265=,Ojas,1,,,,,,,
1265=,Ojoromiwa,1,,,,,,,
1265=,Okeoghene,1,,,,,,,
1265=,Olaoreofe,1,,,,,,,
1265=,Oleifer,1,,,,,,,
1265=,Olisedubem,1,,,,,,,
1265=,Olli,1,,,,,,,
1265=,Olsen,1,,,,,,,
1265=,Oluwadamilola,1,,,,,,,
1265=,Oluwademilogo,1,,,,,,,
1265=,Oluwaferanmi,1,,,,,,,
1265=,Oluwafiferanmi,1,,,,,,,
1265=,Oluwafikayomi,1,,,,,,,
1265=,Oluwajomiloju,1,,,,,,,
1265=,Oluwamayomikun,1,,,,,,,
1265=,Oluwamurewa,1,,,,,,,
1265=,Oluwatimilehin,1,,,,,,,
1265=,Oluwatimisire,1,,,,,,,
1265=,Oluwatobiloba,1,,,,,,,
1265=,Oluwatomi,1,,,,,,,
1265=,Oluwatoni,1,,,,,,,
1265=,Oluwaturemijade,1,,,,,,,
1265=,Omair,1,,,,,,,
1265=,Omran,1,,,,,,,
1265=,Ondugbe,1,,,,,,,
1265=,Oputjo,1,,,,,,,
1265=,Orestis,1,,,,,,,
1265=,Orhaan,1,,,,,,,
1265=,Orinn,1,,,,,,,
1265=,Orlando,1,,,,,,,
1265=,Orlo,1,,,,,,,
1265=,Orryn,1,,,,,,,
1265=,Orsin,1,,,,,,,
1265=,Orson-Lee,1,,,,,,,
1265=,Oryx,1,,,,,,,
1265=,Osahenru,1,,,,,,,
1265=,Osian,1,,,,,,,
1265=,Oswin,1,,,,,,,
1265=,Otter,1,,,,,,,
1265=,Ovidiu,1,,,,,,,
1265=,Owain,1,,,,,,,
1265=,Owais,1,,,,,,,
1265=,Owyn,1,,,,,,,
1265=,Owynn,1,,,,,,,
1265=,Oxley,1,,,,,,,
1265=,Ozan,1,,,,,,,
1265=,Ozias,1,,,,,,,
1265=,Paddy,1,,,,,,,
1265=,Padraic,1,,,,,,,
1265=,Paisley,1,,,,,,,
1265=,Palla,1,,,,,,,
1265=,Panav,1,,,,,,,
1265=,Paolo,1,,,,,,,
1265=,Paraic,1,,,,,,,
1265=,Paramat,1,,,,,,,
1265=,Parnaj,1,,,,,,,
1265=,Patrick-Blue,1,,,,,,,
1265=,Patrick-Ionut,1,,,,,,,
1265=,Patrik,1,,,,,,,
1265=,Patryk,1,,,,,,,
1265=,Pavanram,1,,,,,,,
1265=,Pawel,1,,,,,,,
1265=,Peter-John,1,,,,,,,
1265=,Peyton,1,,,,,,,
1265=,Pheonix,1,,,,,,,
1265=,Philippos,1,,,,,,,
1265=,Phillip,1,,,,,,,
1265=,Phineas,1,,,,,,,
1265=,Phynn,1,,,,,,,
1265=,Pierce,1,,,,,,,
1265=,Pierre,1,,,,,,,
1265=,Pijus,1,,,,,,,
1265=,Pol,1,,,,,,,
1265=,Porter,1,,,,,,,
1265=,Prabhav,1,,,,,,,
1265=,Prabhdarsh,1,,,,,,,
1265=,Prabhgun,1,,,,,,,
1265=,Prabhjot,1,,,,,,,
1265=,Pranat,1,,,,,,,
1265=,Prem,1,,,,,,,
1265=,Prince,1,,,,,,,
1265=,Prince-Junior,1,,,,,,,
1265=,Priyansh,1,,,,,,,
1265=,Prokop,1,,,,,,,
1265=,Prosper,1,,,,,,,
1265=,Pusat,1,,,,,,,
1265=,Quanders,1,,,,,,,
1265=,Quillan,1,,,,,,,
1265=,Quinten,1,,,,,,,
1265=,Qusai,1,,,,,,,
1265=,Raajveer,1,,,,,,,
1265=,Radlii,1,,,,,,,
1265=,Radyn,1,,,,,,,
1265=,Raei,1,,,,,,,
1265=,Rafaele,1,,,,,,,
1265=,Rafay,1,,,,,,,
1265=,Rafferty-Lei,1,,,,,,,
1265=,Ragan-Thomas,1,,,,,,,
1265=,Raha,1,,,,,,,
1265=,Rahaan,1,,,,,,,
1265=,Rahimullah,1,,,,,,,
1265=,Raied,1,,,,,,,
1265=,Raielan,1,,,,,,,
1265=,Raiens,1,,,,,,,
1265=,Raif,1,,,,,,,
1265=,Raigan,1,,,,,,,
1265=,Raiymbek,1,,,,,,,
1265=,Rajamithran,1,,,,,,,
1265=,Rakan,1,,,,,,,
1265=,Ralfie,1,,,,,,,
1265=,Raman,1,,,,,,,
1265=,Ramas,1,,,,,,,
1265=,Ramsaidh,1,,,,,,,
1265=,Ramsey,1,,,,,,,
1265=,Ramyar,1,,,,,,,
1265=,Ranulf,1,,,,,,,
1265=,Ranvijay,1,,,,,,,
1265=,Rares,1,,,,,,,
1265=,Rares-Gabriel,1,,,,,,,
1265=,Rascal,1,,,,,,,
1265=,Ratu,1,,,,,,,
1265=,Raul,1,,,,,,,
1265=,Rauree,1,,,,,,,
1265=,Rausa,1,,,,,,,
1265=,Raven,1,,,,,,,
1265=,Ravi,1,,,,,,,
1265=,Rawaz,1,,,,,,,
1265=,Rayaan,1,,,,,,,
1265=,Raydan,1,,,,,,,
1265=,Rayhan,1,,,,,,,
1265=,Raymie,1,,,,,,,
1265=,Rayth,1,,,,,,,
1265=,Razvan,1,,,,,,,
1265=,Reave,1,,,,,,,
1265=,Recaro,1,,,,,,,
1265=,Redd,1,,,,,,,
1265=,Reef,1,,,,,,,
1265=,Reegan,1,,,,,,,
1265=,Reeve,1,,,,,,,
1265=,Reggy,1,,,,,,,
1265=,Reginault,1,,,,,,,
1265=,Rehmat,1,,,,,,,
1265=,Reighan,1,,,,,,,
1265=,Reino,1,,,,,,,
1265=,Reis,1,,,,,,,
1265=,Renas,1,,,,,,,
1265=,Rene,1,,,,,,,
1265=,Rengdar,1,,,,,,,
1265=,Reni,1,,,,,,,
1265=,Renny,1,,,,,,,
1265=,Renzo,1,,,,,,,
1265=,Reyan,1,,,,,,,
1265=,Reyansh,1,,,,,,,
1265=,Reza,1,,,,,,,
1265=,Rezan,1,,,,,,,
1265=,Rhaze,1,,,,,,,
1265=,Rheon,1,,,,,,,
1265=,Rhett,1,,,,,,,
1265=,Rheuben,1,,,,,,,
1265=,Rhiley,1,,,,,,,
1265=,Rhori,1,,,,,,,
1265=,Rhuairidh,1,,,,,,,
1265=,Rhuben,1,,,,,,,
1265=,Rhue,1,,,,,,,
1265=,Rhuraidh,1,,,,,,,
1265=,Rhurie,1,,,,,,,
1265=,Rhyatt,1,,,,,,,
1265=,Ri,1,,,,,,,
1265=,Ribhav,1,,,,,,,
1265=,Ricardo,1,,,,,,,
1265=,Richi,1,,,,,,,
1265=,Ricky,1,,,,,,,
1265=,Rico,1,,,,,,,
1265=,Righteous,1,,,,,,,
1265=,Rikko,1,,,,,,,
1265=,Riku,1,,,,,,,
1265=,Riley-Blu,1,,,,,,,
1265=,Rinat,1,,,,,,,
1265=,Ringsuan,1,,,,,,,
1265=,Rino,1,,,,,,,
1265=,Rion,1,,,,,,,
1265=,Rioux,1,,,,,,,
1265=,Rishit,1,,,,,,,
1265=,Rishu,1,,,,,,,
1265=,Riso,1,,,,,,,
1265=,Rivaan,1,,,,,,,
1265=,River-John,1,,,,,,,
1265=,River-Lee,1,,,,,,,
1265=,River-Philip,1,,,,,,,
1265=,Rixon,1,,,,,,,
1265=,Roban,1,,,,,,,
1265=,Robbie-Allan,1,,,,,,,
1265=,Robbin,1,,,,,,,
1265=,Robert-John,1,,,,,,,
1265=,Robi,1,,,,,,,
1265=,Robson,1,,,,,,,
1265=,Rodi,1,,,,,,,
1265=,Rodin,1,,,,,,,
1265=,Rodric,1,,,,,,,
1265=,Roghain,1,,,,,,,
1265=,Rohgan,1,,,,,,,
1265=,Rokveer,1,,,,,,,
1265=,Roland,1,,,,,,,
1265=,Romae,1,,,,,,,
1265=,Romi,1,,,,,,,
1265=,Romuinjo,1,,,,,,,
1265=,Romy,1,,,,,,,
1265=,Ronaldo,1,,,,,,,
1265=,Ronan-Blue,1,,,,,,,
1265=,Roo,1,,,,,,,
1265=,Rorey,1,,,,,,,
1265=,Rorie,1,,,,,,,
1265=,Rory-Lee,1,,,,,,,
1265=,Rosario,1,,,,,,,
1265=,Roscoe,1,,,,,,,
1265=,Rosen,1,,,,,,,
1265=,Roshan,1,,,,,,,
1265=,Ross-Jay,1,,,,,,,
1265=,Ross-Scott,1,,,,,,,
1265=,Rostam,1,,,,,,,
1265=,Rouhi,1,,,,,,,
1265=,Rounak,1,,,,,,,
1265=,Rourke,1,,,,,,,
1265=,Rowe,1,,,,,,,
1265=,Rowen,1,,,,,,,
1265=,Rox,1,,,,,,,
1265=,Royal,1,,,,,,,
1265=,Royce,1,,,,,,,
1265=,Rozain,1,,,,,,,
1265=,Ruadhainn,1,,,,,,,
1265=,Ruadhan,1,,,,,,,
1265=,Ruadhan-Davy,1,,,,,,,
1265=,Ruairdh,1,,,,,,,
1265=,Ruaridh-Harris,1,,,,,,,
1265=,Ruben-James,1,,,,,,,
1265=,Rudransh,1,,,,,,,
1265=,Ruedy,1,,,,,,,
1265=,Ruhaab,1,,,,,,,
1265=,Ruhben,1,,,,,,,
1265=,Rui,1,,,,,,,
1265=,Rurik,1,,,,,,,
1265=,Rury,1,,,,,,,
1265=,Ruslan,1,,,,,,,
1265=,Ruthven,1,,,,,,,
1265=,Ryan-Jesse,1,,,,,,,
1265=,Ryan-Junior,1,,,,,,,
1265=,Rylan,1,,,,,,,
1265=,Sa'ad,1,,,,,,,
1265=,Saalih,1,,,,,,,
1265=,Saddam,1,,,,,,,
1265=,Safa,1,,,,,,,
1265=,Safi,1,,,,,,,
1265=,Sagan-Io,1,,,,,,,
1265=,Sahib,1,,,,,,,
1265=,Sahiru,1,,,,,,,
1265=,Sai,1,,,,,,,
1265=,Saiful-Islam,1,,,,,,,
1265=,Saige,1,,,,,,,
1265=,Sait,1,,,,,,,
1265=,Sajjan,1,,,,,,,
1265=,Sakesh,1,,,,,,,
1265=,Salahudiin,1,,,,,,,
1265=,Salem,1,,,,,,,
1265=,Salih,1,,,,,,,
1265=,Salim,1,,,,,,,
1265=,Salis,1,,,,,,,
1265=,Salomon,1,,,,,,,
1265=,Salvatore,1,,,,,,,
1265=,Samael,1,,,,,,,
1265=,Samarth,1,,,,,,,
1265=,Samay,1,,,,,,,
1265=,Sameer,1,,,,,,,
1265=,Samiullah,1,,,,,,,
1265=,Sammy,1,,,,,,,
1265=,Samra-Basel,1,,,,,,,
1265=,Samrat,1,,,,,,,
1265=,Samuel-Allan,1,,,,,,,
1265=,Samuele,1,,,,,,,
1265=,Samuil,1,,,,,,,
1265=,Samwise,1,,,,,,,
1265=,Sander,1,,,,,,,
1265=,Sangeet,1,,,,,,,
1265=,Sanjh,1,,,,,,,
1265=,Santos,1,,,,,,,
1265=,Saqib,1,,,,,,,
1265=,Saqr,1,,,,,,,
1265=,Sarfaraz,1,,,,,,,
1265=,Sarim,1,,,,,,,
1265=,Sarkar,1,,,,,,,
1265=,Sartaj,1,,,,,,,
1265=,Sarvagya,1,,,,,,,
1265=,Satnam,1,,,,,,,
1265=,Savraj,1,,,,,,,
1265=,Sayim,1,,,,,,,
1265=,Scott-Junior,1,,,,,,,
1265=,Scottie,1,,,,,,,
1265=,Seagar,1,,,,,,,
1265=,Sean-John,1,,,,,,,
1265=,Sebastian-Vasile,1,,,,,,,
1265=,Sebastians,1,,,,,,,
1265=,Sebastien,1,,,,,,,
1265=,Seidu,1,,,,,,,
1265=,Selasi,1,,,,,,,
1265=,Selim,1,,,,,,,
1265=,Sergio,1,,,,,,,
1265=,Seumus,1,,,,,,,
1265=,Sewa,1,,,,,,,
1265=,Seyder,1,,,,,,,
1265=,Seyed,1,,,,,,,
1265=,Sha,1,,,,,,,
1265=,Shaelan,1,,,,,,,
1265=,Shaemichael,1,,,,,,,
1265=,Shafay,1,,,,,,,
1265=,Shahaan,1,,,,,,,
1265=,Shaheer,1,,,,,,,
1265=,Shahir,1,,,,,,,
1265=,Shahmeer,1,,,,,,,
1265=,Shahzen,1,,,,,,,
1265=,Shai,1,,,,,,,
1265=,Shakthivelan,1,,,,,,,
1265=,Shamrudh,1,,,,,,,
1265=,Sharan,1,,,,,,,
1265=,Shariq,1,,,,,,,
1265=,Shasta,1,,,,,,,
1265=,Shaurya,1,,,,,,,
1265=,Shawn,1,,,,,,,
1265=,Shay-James,1,,,,,,,
1265=,Shayan,1,,,,,,,
1265=,Shaylon,1,,,,,,,
1265=,Shayne,1,,,,,,,
1265=,Shazaib,1,,,,,,,
1265=,Shazain,1,,,,,,,
1265=,Sheamus,1,,,,,,,
1265=,Sheikh,1,,,,,,,
1265=,Shelby,1,,,,,,,
1265=,Shiloh,1,,,,,,,
1265=,Shiyan,1,,,,,,,
1265=,Shreehan,1,,,,,,,
1265=,Shreyan,1,,,,,,,
1265=,Shrihan,1,,,,,,,
1265=,Shuraim,1,,,,,,,
1265=,Sibiel,1,,,,,,,
1265=,Sideg,1,,,,,,,
1265=,Silban,1,,,,,,,
1265=,Silver,1,,,,,,,
1265=,Sim,1,,,,,,,
1265=,Simanga,1,,,,,,,
1265=,Siraj,1,,,,,,,
1265=,Sirius,1,,,,,,,
1265=,Sitiveni,1,,,,,,,
1265=,Sivaamshan,1,,,,,,,
1265=,Siyaf,1,,,,,,,
1265=,Skanda,1,,,,,,,
1265=,Smith,1,,,,,,,
1265=,Somhairle,1,,,,,,,
1265=,Sommung,1,,,,,,,
1265=,Sonas,1,,,,,,,
1265=,Sonni,1,,,,,,,
1265=,Sonny-Jay,1,,,,,,,
1265=,Sorena,1,,,,,,,
1265=,Souban,1,,,,,,,
1265=,Sparsh,1,,,,,,,
1265=,Spen,1,,,,,,,
1265=,Spyridon,1,,,,,,,
1265=,Sreyansh,1,,,,,,,
1265=,Srijan,1,,,,,,,
1265=,Sriyan,1,,,,,,,
1265=,Stark,1,,,,,,,
1265=,Stavros,1,,,,,,,
1265=,Stefanos,1,,,,,,,
1265=,Steffan,1,,,,,,,
1265=,Stephan,1,,,,,,,
1265=,Stephen-Junior,1,,,,,,,
1265=,Steven-James,1,,,,,,,
1265=,Stevie-James,1,,,,,,,
1265=,Stiles-Bly,1,,,,,,,
1265=,Storm,1,,,,,,,
1265=,Stormm,1,,,,,,,
1265=,Subarna,1,,,,,,,
1265=,Subhan,1,,,,,,,
1265=,Sudais,1,,,,,,,
1265=,Sukhmander,1,,,,,,,
1265=,Sula,1,,,,,,,
1265=,Sulayman,1,,,,,,,
1265=,Suleiman,1,,,,,,,
1265=,Sultan,1,,,,,,,
1265=,Sunny,1,,,,,,,
1265=,Sutton,1,,,,,,,
1265=,Sven,1,,,,,,,
1265=,Swaibu,1,,,,,,,
1265=,Syd,1,,,,,,,
1265=,Sydney,1,,,,,,,
1265=,Sylvan,1,,,,,,,
1265=,Sylvestar,1,,,,,,,
1265=,Symen,1,,,,,,,
1265=,T'jay,1,,,,,,,
1265=,Tadeusz,1,,,,,,,
1265=,Tafsir,1,,,,,,,
1265=,Tahir,1,,,,,,,
1265=,Tai,1,,,,,,,
1265=,Taksh,1,,,,,,,
1265=,Talha,1,,,,,,,
1265=,Talyn,1,,,,,,,
1265=,Tam,1,,,,,,,
1265=,Tanaka,1,,,,,,,
1265=,Tanitoluwa,1,,,,,,,
1265=,Tanmay,1,,,,,,,
1265=,Tansh,1,,,,,,,
1265=,Taptue,1,,,,,,,
1265=,Tarran,1,,,,,,,
1265=,Tate-James,1,,,,,,,
1265=,Tatum,1,,,,,,,
1265=,Taurus,1,,,,,,,
1265=,Tavis,1,,,,,,,
1265=,Tay,1,,,,,,,
1265=,Tayleur,1,,,,,,,
1265=,Taym,1,,,,,,,
1265=,Teak,1,,,,,,,
1265=,Tecwyn,1,,,,,,,
1265=,Teddy-James,1,,,,,,,
1265=,Teniayo,1,,,,,,,
1265=,Teodoras,1,,,,,,,
1265=,Teoman,1,,,,,,,
1265=,Terence,1,,,,,,,
1265=,Thane,1,,,,,,,
1265=,Theo-Baylin,1,,,,,,,
1265=,Theo-Lee,1,,,,,,,
1265=,Theodore-James,1,,,,,,,
1265=,Theodoros,1,,,,,,,
1265=,Theriso,1,,,,,,,
1265=,Thinuk,1,,,,,,,
1265=,Thiyan,1,,,,,,,
1265=,Thomas-John,1,,,,,,,
1265=,Thomas-Jordan,1,,,,,,,
1265=,Thor,1,,,,,,,
1265=,Thoren,1,,,,,,,
1265=,Thorin,1,,,,,,,
1265=,Thorr,1,,,,,,,
1265=,Thorren,1,,,,,,,
1265=,Thyson-Lee,1,,,,,,,
1265=,Tiam,1,,,,,,,
1265=,Tifeoluwa,1,,,,,,,
1265=,Tiger,1,,,,,,,
1265=,Timas,1,,,,,,,
1265=,Timileyin,1,,,,,,,
1265=,Timofey,1,,,,,,,
1265=,Timothee,1,,,,,,,
1265=,Timur,1,,,,,,,
1265=,Tino,1,,,,,,,
1265=,Tio,1,,,,,,,
1265=,Tirenimioluwa,1,,,,,,,
1265=,Tiylar,1,,,,,,,
1265=,Tobechukwu,1,,,,,,,
1265=,Tobey,1,,,,,,,
1265=,Tobi,1,,,,,,,
1265=,Tobia,1,,,,,,,
1265=,Tomasz,1,,,,,,,
1265=,Tomek,1,,,,,,,
1265=,Tommaso,1,,,,,,,
1265=,Tommy-Lee,1,,,,,,,
1265=,Tomohiko,1,,,,,,,
1265=,Tomy,1,,,,,,,
1265=,Toni,1,,,,,,,
1265=,Toprak,1,,,,,,,
1265=,Torben,1,,,,,,,
1265=,Torren,1,,,,,,,
1265=,Torridon,1,,,,,,,
1265=,Toryn,1,,,,,,,
1265=,Tre,1,,,,,,,
1265=,Trevor,1,,,,,,,
1265=,Trix,1,,,,,,,
1265=,Trystan,1,,,,,,,
1265=,Tudor,1,,,,,,,
1265=,Tully,1,,,,,,,
1265=,Turlough,1,,,,,,,
1265=,Tyberius,1,,,,,,,
1265=,Tydus,1,,,,,,,
1265=,Tylan,1,,,,,,,
1265=,Tyler-Jay,1,,,,,,,
1265=,Tyler-John,1,,,,,,,
1265=,Tymek,1,,,,,,,
1265=,Tyreese,1,,,,,,,
1265=,Tyro,1,,,,,,,
1265=,Tyson-James,1,,,,,,,
1265=,Tywin,1,,,,,,,
1265=,Uday,1,,,,,,,
1265=,Udham,1,,,,,,,
1265=,Udochukwu,1,,,,,,,
1265=,Uist,1,,,,,,,
1265=,Ujiroghene,1,,,,,,,
1265=,Ulysse,1,,,,,,,
1265=,Useuako,1,,,,,,,
1265=,Usmon,1,,,,,,,
1265=,Uzaid,1,,,,,,,
1265=,Uzayr,1,,,,,,,
1265=,Uzezi,1,,,,,,,
1265=,Uziah-Nova,1,,,,,,,
1265=,Vahin,1,,,,,,,
1265=,Vakaris,1,,,,,,,
1265=,Valentin,1,,,,,,,
1265=,Vallen,1,,,,,,,
1265=,Valsamos,1,,,,,,,
1265=,Vanij,1,,,,,,,
1265=,Vansh,1,,,,,,,
1265=,Varga,1,,,,,,,
1265=,Varis,1,,,,,,,
1265=,Vasco,1,,,,,,,
1265=,Vasileios,1,,,,,,,
1265=,Vasilis,1,,,,,,,
1265=,Ved,1,,,,,,,
1265=,Vedaansh,1,,,,,,,
1265=,Vedant,1,,,,,,,
1265=,Vedh,1,,,,,,,
1265=,Vedhesh,1,,,,,,,
1265=,Veeransh,1,,,,,,,
1265=,Veeranth,1,,,,,,,
1265=,Velin,1,,,,,,,
1265=,Vere,1,,,,,,,
1265=,Verinao,1,,,,,,,
1265=,Viaan,1,,,,,,,
1265=,Viansh,1,,,,,,,
1265=,Vico,1,,,,,,,
1265=,Vihan,1,,,,,,,
1265=,Vikranth,1,,,,,,,
1265=,Viliyan,1,,,,,,,
1265=,Vincenzo,1,,,,,,,
1265=,Viraj,1,,,,,,,
1265=,Vishrav,1,,,,,,,
1265=,Vismay,1,,,,,,,
1265=,Vit,1,,,,,,,
1265=,Vito,1,,,,,,,
1265=,Vlad,1,,,,,,,
1265=,Vladimir,1,,,,,,,
1265=,Vojtech,1,,,,,,,
1265=,Vrishik,1,,,,,,,
1265=,Wael,1,,,,,,,
1265=,Wahab,1,,,,,,,
1265=,Wahenoor,1,,,,,,,
1265=,Wajih,1,,,,,,,
1265=,Wakas,1,,,,,,,
1265=,Waleed,1,,,,,,,
1265=,Wallace-Robert,1,,,,,,,
1265=,Wanga,1,,,,,,,
1265=,Wayde,1,,,,,,,
1265=,Wayne,1,,,,,,,
1265=,Weihong,1,,,,,,,
1265=,Whin,1,,,,,,,
1265=,Wiktor,1,,,,,,,
1265=,Wilco,1,,,,,,,
1265=,Wilde,1,,,,,,,
1265=,Wilhelmus,1,,,,,,,
1265=,Willem,1,,,,,,,
1265=,William-Luke,1,,,,,,,
1265=,Willoughby,1,,,,,,,
1265=,Willow,1,,,,,,,
1265=,Winner,1,,,,,,,
1265=,Winnie,1,,,,,,,
1265=,Winston,1,,,,,,,
1265=,Wojciech,1,,,,,,,
1265=,Wolfe,1,,,,,,,
1265=,Wolfie,1,,,,,,,
1265=,Wolfjack,1,,,,,,,
1265=,Wrath,1,,,,,,,
1265=,Wull,1,,,,,,,
1265=,Wyn,1,,,,,,,
1265=,Wynter,1,,,,,,,
1265=,Xanthus,1,,,,,,,
1265=,Xen,1,,,,,,,
1265=,Yadiel,1,,,,,,,
1265=,Yaequb,1,,,,,,,
1265=,Yago,1,,,,,,,
1265=,Yagyin,1,,,,,,,
1265=,Yakup,1,,,,,,,
1265=,Yannis,1,,,,,,,
1265=,Yared,1,,,,,,,
1265=,Yari,1,,,,,,,
1265=,Yasiin,1,,,,,,,
1265=,Yasir,1,,,,,,,
1265=,Yeshua,1,,,,,,,
1265=,Yiannis,1,,,,,,,
1265=,Yiorgos,1,,,,,,,
1265=,Yoann,1,,,,,,,
1265=,Yonah,1,,,,,,,
1265=,Yosef,1,,,,,,,
1265=,Youvaan,1,,,,,,,
1265=,Yunes,1,,,,,,,
1265=,Yusha,1,,,,,,,
1265=,Yuveer,1,,,,,,,
1265=,Yuvin,1,,,,,,,
1265=,Yuvraj,1,,,,,,,
1265=,Zacary,1,,,,,,,
1265=,Zaccai,1,,,,,,,
1265=,Zacchariah,1,,,,,,,
1265=,Zacharia,1,,,,,,,
1265=,Zachary-Blue,1,,,,,,,
1265=,Zachary-Dawhes,1,,,,,,,
1265=,Zade,1,,,,,,,
1265=,Zaiah,1,,,,,,,
1265=,Zaidan,1,,,,,,,
1265=,Zaidon,1,,,,,,,
1265=,Zainedeen,1,,,,,,,
1265=,Zaiyaan,1,,,,,,,
1265=,Zakari,1,,,,,,,
1265=,Zakhai,1,,,,,,,
1265=,Zander-Blu,1,,,,,,,
1265=,Zandyer,1,,,,,,,
1265=,Zareef,1,,,,,,,
1265=,Zarmaash,1,,,,,,,
1265=,Zaur,1,,,,,,,
1265=,Zaviyaar,1,,,,,,,
1265=,Zayde,1,,,,,,,
1265=,Zayn-Ul-Abideen,1,,,,,,,
1265=,Zayvian,1,,,,,,,
1265=,Zayyar,1,,,,,,,
1265=,Zebedee,1,,,,,,,
1265=,Zente,1,,,,,,,
1265=,Zeplin,1,,,,,,,
1265=,Zi,1,,,,,,,
1265=,Ziaad,1,,,,,,,
1265=,Ziad,1,,,,,,,
1265=,Zidaan,1,,,,,,,
1265=,Zidane,1,,,,,,,
1265=,Zigmund,1,,,,,,,
1265=,Zirachukwu,1,,,,,,,
1265=,Zishan,1,,,,,,,
1265=,Ziv,1,,,,,,,
1265=,Ziyad,1,,,,,,,
1265=,Zohaib,1,,,,,,,
1265=,Zoltan,1,,,,,,,
1265=,Zoraiz,1,,,,,,,
1265=,Zorayz,1,,,,,,,
1265=,Zulfiqar,1,,,,,,,
1265=,Zyon,1,,,,,,,
,,,,,,,,,
,,,,,,,,,
Footnote,,,,,,,,,
1) The equals sign indicates that there is more than one name with this position of rank in the list.,,,,,,,,,
,,,,,,,,,
 Crown Copyright 2022,,,,,,,,,
,,,,,,,,,
,,,,,,,,,
,,,,,,,,,
,,,,,,,,,
,,,,,,,,,
,,,,,,,,,
,,,,,,,,,
,,,,,,,,,
,,,,,,,,,
,,,,,,,,,
,,,,,,,,,
,,,,,,,,,
,,,,,,,,,
,,,,,,,,,
,,,,,,,,,
,,,,,,,,,
,,,,,,,,,
,,,,,,,,,
,,,,,,,,,
,,,,,,,,,
,,,,,,,,,
,,,,,,,,,
,,,,,,,,,
,,,,,,,,,
,,,,,,,,,
,,,,,,,,,
,,,,,,,,,
,,,,,,,,,
,,,,,,,,,
,,,,,,,,,
,,,,,,,,,
,,,,,,,,,
,,,,,,,,,
,,,,,,,,,
,,,,,,,,,
,,,,,,,,,
,,,,,,,,,
,,,,,,,,,
,,,,,,,,,
,,,,,,,,,
,,,,,,,,,
,,,,,,,,,
,,,,,,,,,
,,,,,,,,,
,,,,,,,,,
,,,,,,,,,
,,,,,,,,,
,,,,,,,,,
,,,,,,,,,
,,,,,,,,,
,,,,,,,,,
,,,,,,,,,
,,,,,,,,,
,,,,,,,,,
,,,,,,,,,
,,,,,,,,,
,,,,,,,,,
,,,,,,,,,
,,,,,,,,,
,,,,,,,,,
,,,,,,,,,
,,,,,,,,,
,,,,,,,,,
,,,,,,,,,
,,,,,,,,,
,,,,,,,,,
,,,,,,,,,
,,,,,,,,,
,,,,,,,,,
,,,,,,,,,
,,,,,,,,,
,,,,,,,,,
,,,,,,,,,
,,,,,,,,,
,,,,,,,,,
,,,,,,,,,
,,,,,,,,,
,,,,,,,,,
,,,,,,,,,
,,,,,,,,,
,,,,,,,,,
,,,,,,,,,
,,,,,,,,,
